Code,Borough,Neighborhood,Year,Population,Hectares,Square_Kilometres,Population_per_hectare,Population_per_square_kilometre,address,Latitude,Longitude
E05000026,Barking and Dagenham,Abbey,2020,16246,127.9,1.2790000000000001,127.0211102,12702.11102,"Abbey, Barking and Dagenham, England",51.5356876,0.07553043645175103
E05000455,Merton,Abbey,2020,10933,139.3,1.393,78.48528356,7848.528356,"Abbey, Merton, England",51.41305415,-0.18334646658823173
E05000630,Westminster,Abbey Road,2020,13331,109.5,1.095,121.7442922,12174.42922,"Abbey Road, Westminster, England",51.5340933,-0.1795893
E05000214,Greenwich,Abbey Wood,2020,16376,265.3,2.653,61.72634753,6172.634753,"Abbey Wood, Greenwich, England",51.487621,0.1140504
E05000382,Kensington and Chelsea,Addington,2020,11203,62.9,0.629,178.1081081,17810.81081,"Addington, Kensington and Chelsea, England",0.0,0.0
E05000170,Ealing,Acton Central,2020,16098,177.5,1.775,90.69295775,9069.295775,"Acton Central, Ealing, England",51.5087164,-0.2628073
E05000146,Croydon,Addiscombe,2020,18607,159.5,1.595,116.6583072,11665.83072,"Addiscombe, Croydon, England",51.3796916,-0.0742821
E05000250,Hammersmith and Fulham,Addison,2020,11359,55.3,0.5529999999999999,205.4068716,20540.687159999998,"Addison, Hammersmith and Fulham, England",51.5008927,-0.217615
E05000495,Redbridge,Aldborough,2020,16413,861.2,8.612,19.05829076,1905.8290760000002,"Aldborough, Redbridge, England",54.0911361,-1.3804879
E05000266,Haringey,Alexandra,2020,12833,261.3,2.613,49.11213165,4911.213165,"Alexandra, Haringey, England",51.5942224,-0.13085714680658356
E05000400,Kingston upon Thames,Alexandra,2020,10574,267.7,2.677,39.49943967,3949.943967,"Alexandra, Kingston upon Thames, England",51.38648405,-0.28626792477186014
E05000027,Barking and Dagenham,Alibon,2020,11320,136.1,1.361,83.17413666,8317.413666,"Alibon, Barking and Dagenham, England",51.5482797,0.153244
E05000085,Brent,Alperton,2020,17817,205.8,2.0580000000000003,86.57434402,8657.434401999999,"Alperton, Brent, England",51.5408036,-0.3000963
E05000147,Croydon,Ashburton,2020,14619,271.4,2.714,53.865143700000004,5386.51437,"Ashburton, Croydon, England",51.3853026,-0.06575066301783374
E05000251,Hammersmith and Fulham,Askew,2020,14663,75.9,0.759,193.18840580000003,19318.84058,"Askew, Hammersmith and Fulham, England",51.5052325,-0.2444416
E05000252,Hammersmith and Fulham,Avonmore and Brook Green,2020,11843,89.5,0.895,132.3240223,13232.40223,"Avonmore and Brook Green, Hammersmith and Fulham, England",0.0,0.0
E05000610,Wandsworth,Balham,2020,15329,120.8,1.208,126.89569540000001,12689.56954,"Balham, Wandsworth, England",51.4456449,-0.1503643
E05000496,Redbridge,Barkingside,2020,13707,152.7,1.527,89.76424361,8976.424361,"Barkingside, Redbridge, England",51.5858181,0.0886245
E05000064,Bexley,Barnehurst,2020,11242,287.0,2.87,39.17073171,3917.073171,"Barnehurst, Bexley, England",51.4650212,0.1596467
E05000516,Richmond upon Thames,Barnes,2020,10321,301.0,3.01,34.28903654,3428.9036539999997,"Barnes, Richmond upon Thames, England",51.4718962,-0.2387441
E05000086,Brent,Barnhill,2020,16782,297.5,2.975,56.41008403,5641.008403,"Barnhill, Brent, England",51.5640905,-0.2631011
E05000324,Hillingdon,Barnhill,2020,14201,211.9,2.119,67.01746107,6701.746107,"Barnhill, Hillingdon, England",51.5879314,-0.3930981
E05000366,Islington,Barnsbury,2020,14096,83.0,0.83,169.8313253,16983.132530000003,"Barnsbury, Islington, England",51.5389351,-0.114735
E05000631,Westminster,Bayswater,2020,11660,51.8,0.518,225.0965251,22509.65251,"Bayswater, Westminster, England",51.5122764,-0.1883854
E05000475,Newham,Beckton,2020,16785,625.6,6.256,26.83024297,2683.024297,"Beckton, Newham, England",51.5160797,0.0594257
E05000028,Barking and Dagenham,Becontree,2020,15016,128.4,1.284,116.9470405,11694.70405,"Becontree, Barking and Dagenham, England",51.5403111,0.1265241
E05000555,Sutton,Beddington North,2020,10780,498.0,4.98,21.64658635,2164.6586350000002,"Beddington North, Sutton, England",51.3719875,-0.1323928
E05000556,Sutton,Beddington South,2020,11355,306.1,3.0610000000000004,37.09572035,3709.572035,"Beddington South, Sutton, England",51.3719875,-0.1323928
E05000346,Hounslow,Bedfont,2020,13718,444.7,4.447,30.84776254,3084.776254,"Bedfont, Hounslow, England",51.4530683,-0.4334413
E05000611,Wandsworth,Bedford,2020,14290,180.4,1.804,79.21286031,7921.286031000001,"Bedford, Wandsworth, England",51.4427243,-0.1493607
E05000437,Lewisham,Bellingham,2020,16234,308.5,3.085,52.62236629,5262.236629,"Bellingham, Lewisham, England",51.4329913,-0.0193662
E05000285,Harrow,Belmont,2020,11731,177.9,1.7790000000000001,65.94154019,6594.154019,"Belmont, Harrow, England",51.601225,-0.3181008
E05000557,Sutton,Belmont,2020,10799,233.7,2.3369999999999997,46.20881472,4620.881472,"Belmont, Sutton, England",51.3438964,-0.1987852
E05000128,Camden,Belsize,2020,14517,78.0,0.78,186.1153846,18611.53846,"Belsize, Camden, England",51.5473926,-0.1683005
E05000065,Bexley,Belvedere,2020,13707,316.1,3.161,43.36285985,4336.285985,"Belvedere, Bexley, England",51.4894735,0.1473593
E05000148,Croydon,Bensham Manor,2020,17397,144.6,1.446,120.3112033,12031.12033,"Bensham Manor, Croydon, England",51.39715405,-0.10693439866932547
E05000401,Kingston upon Thames,Berrylands,2020,10900,145.2,1.452,75.06887052,7506.887051999999,"Berrylands, Kingston upon Thames, England",51.3937811,-0.2848024
E05000573,Tower Hamlets,Bethnal Green North,2020,15581,82.3,0.823,189.31956259999998,18931.95626,"Bethnal Green North, Tower Hamlets, England",51.5303456,-0.0561633
E05000574,Tower Hamlets,Bethnal Green South,2020,15207,88.1,0.8809999999999999,172.6106697,17261.06697,"Bethnal Green South, Tower Hamlets, England",51.5303456,-0.0561633
E05000402,Kingston upon Thames,Beverley,2020,11619,188.0,1.88,61.80319149,6180.319149,"Beverley, Kingston upon Thames, England",51.393398,-0.2413594
E05000106,Bromley,Bickley,2020,16499,486.9,4.869,33.88580817,3388.580817,"Bickley, Bromley, England",51.4017399,0.0437122
E05000107,Bromley,Biggin Hill,2020,10810,828.2,8.282,13.052402800000001,1305.24028,"Biggin Hill, Bromley, England",51.3200368,0.0094791
E05000416,Lambeth,Bishop's,2020,10829,153.4,1.534,70.59322034,7059.322034000001,"Bishop's, Lambeth, England",51.4935902,-0.1097627
E05000066,Bexley,Blackfen and Lamorbey,2020,11055,168.7,1.6869999999999998,65.53052756,6553.052756,"Blackfen and Lamorbey, Bexley, England",51.4505408,0.1030617
E05000438,Lewisham,Blackheath,2020,15663,231.3,2.313,67.71725032,6771.725031999999,"Blackheath, Lewisham, England",51.4663175,0.0085624
E05000215,Greenwich,Blackheath Westcombe,2020,13762,213.8,2.138,64.36856876,6436.856876,"Blackheath Westcombe, Greenwich, England",51.4775675,0.0190989
E05000575,Tower Hamlets,Blackwall and Cubitt Town,2020,34163,296.7,2.967,115.1432423,11514.32423,"Blackwall and Cubitt Town, Tower Hamlets, England",0.0,0.0
E05000067,Bexley,Blendon and Penhill,2020,11094,209.8,2.0980000000000003,52.87893232,5287.893232,"Blendon and Penhill, Bexley, England",51.4479922,0.1198055
E05000129,Camden,Bloomsbury,2020,12398,102.1,1.021,121.4299706,12142.99706,"Bloomsbury, Camden, England",51.523126,-0.1260664
E05000476,Newham,Boleyn,2020,18397,91.6,0.9159999999999999,200.8406114,20084.06114,"Boleyn, Newham, England",51.530422,0.0381070001641728
E05000325,Hillingdon,Botwell,2020,22637,437.2,4.372,51.77721866,5177.721866,"Botwell, Hillingdon, England",51.517552,-0.4271826
E05000267,Haringey,Bounds Green,2020,15214,138.4,1.3840000000000001,109.92774569999999,10992.77457,"Bounds Green, Haringey, England",51.607376,-0.1249047
E05000576,Tower Hamlets,Bow East,2020,19334,185.8,1.858,104.058127,10405.8127,"Bow East, Tower Hamlets, England",51.5297195,-0.016727648696709507
E05000577,Tower Hamlets,Bow West,2020,14155,134.7,1.347,105.0853749,10508.53749,"Bow West, Tower Hamlets, England",51.5283085,-0.0194816
E05000193,Enfield,Bowes,2020,15169,148.5,1.485,102.14814809999999,10214.81481,"Bowes, Enfield, England",51.6123266,-0.1000295
E05000068,Bexley,Brampton,2020,11043,197.3,1.973,55.97060314,5597.060314,"Brampton, Bexley, England",51.4746575,0.1260092
E05000347,Hounslow,Brentford,2020,19029,318.7,3.187,59.70818952,5970.8189520000005,"Brentford, Hounslow, England",51.4863958,-0.3216623
E05000497,Redbridge,Bridge,2020,12581,257.9,2.5789999999999997,48.78247383,4878.247383,"Bridge, Redbridge, England",51.5763203,0.0454097
E05000417,Lambeth,Brixton Hill,2020,17203,112.9,1.129,152.3737821,15237.378209999999,"Brixton Hill, Lambeth, England",51.4458757,-0.1242852
E05000149,Croydon,Broad Green,2020,22404,266.7,2.667,84.00449944,8400.449944,"Broad Green, Croydon, England",51.3833946,-0.1083305
E05000439,Lewisham,Brockley,2020,19273,168.6,1.686,114.311981,11431.1981,"Brockley, Lewisham, England",51.4578328,-0.0360868
E05000108,Bromley,Bromley Common and Keston,2020,17860,832.1,8.321,21.46376637,2146.3766370000003,"Bromley Common and Keston, Bromley, England",51.36114725,0.03250332240978174
E05000109,Bromley,Bromley Town,2020,20163,371.8,3.718,54.23076923,5423.076923,"Bromley Town, Bromley, England",51.4028046,0.0148142
E05000578,Tower Hamlets,Bromley-by-Bow,2020,21637,107.4,1.074,201.461825,20146.1825,"Bromley-by-Bow, Tower Hamlets, England",51.5266309,-0.0172319
E05000383,Kensington and Chelsea,Brompton,2020,9120,95.5,0.955,95.4973822,9549.738220000001,"Brompton, Kensington and Chelsea, England",51.4918222,-0.178326
E05000087,Brent,Brondesbury Park,2020,13630,172.2,1.722,79.15214866,7915.214865999999,"Brondesbury Park, Brent, England",51.5405138,-0.2103359
E05000306,Havering,Brooklands,2020,19634,420.1,4.2010000000000005,46.73649131,4673.649131,"Brooklands, Havering, England",51.5807764,0.1734282
E05000231,Hackney,Brownswood,2020,15740,84.1,0.841,187.15814509999998,18715.81451,"Brownswood, Hackney, England",51.56397355,-0.0927343274505367
E05000268,Haringey,Bruce Grove,2020,15530,93.1,0.9309999999999999,166.80988180000003,16680.98818,"Bruce Grove, Haringey, England",51.593712,-0.0700556
E05000326,Hillingdon,Brunel,2020,14560,327.7,3.2769999999999997,44.430881899999996,4443.0881899999995,"Brunel, Hillingdon, England",51.53255315,-0.47399356205057463
E05000043,Barnet,Brunswick Park,2020,16866,317.4,3.174,53.13799622,5313.7996219999995,"Brunswick Park, Barnet, England",51.6262191,-0.1481899
E05000534,Southwark,Brunswick Park,2020,13880,93.5,0.935,148.4491979,14844.91979,"Brunswick Park, Southwark, England",51.475618999999995,-0.08586958740689066
E05000632,Westminster,Bryanston and Dorset Square,2020,14008,72.3,0.723,193.74827109999998,19374.82711,"Bryanston and Dorset Square, Westminster, England",51.51947245,-0.15704928810386884
E05000367,Islington,Bunhill,2020,19215,108.9,1.089,176.446281,17644.6281,"Bunhill, Islington, England",51.523487149999994,-0.08875709174412708
E05000044,Barnet,Burnt Oak,2020,20282,206.4,2.064,98.26550388,9826.550388,"Burnt Oak, Barnet, England",51.6028082,-0.2640125
E05000194,Enfield,Bush Hill Park,2020,14766,252.6,2.526,58.45605701,5845.6057009999995,"Bush Hill Park, Enfield, England",51.6417042,-0.0694005
E05000368,Islington,Caledonian,2020,16656,113.8,1.138,146.3620387,14636.20387,"Caledonian, Islington, England",51.54332,-0.1176531
E05000535,Southwark,Camberwell Green,2020,17000,97.5,0.975,174.3589744,17435.89744,"Camberwell Green, Southwark, England",51.474978449999995,-0.09264989856352934
E05000130,Camden,Camden Town with Primrose Hill,2020,14423,116.6,1.166,123.69639790000001,12369.639790000001,"Camden Town with Primrose Hill, Camden, England",0.0,0.0
E05000384,Kensington and Chelsea,Campden,2020,8502,91.2,0.912,93.22368421,9322.368421,"Campden, Kensington and Chelsea, England",51.50285115,-0.19954406493316598
E05000403,Kingston upon Thames,Canbury,2020,16346,124.1,1.2409999999999999,131.7163578,13171.63578,"Canbury, Kingston upon Thames, England",51.41749865,-0.30555280504926163
E05000590,Waltham Forest,Cann Hall,2020,14350,86.0,0.86,166.86046509999997,16686.04651,"Cann Hall, Waltham Forest, England",0.0,0.0
E05000477,Newham,Canning Town North,2020,18971,252.3,2.523,75.19223147,7519.223147,"Canning Town North, Newham, England",51.5139887,0.0082987
E05000478,Newham,Canning Town South,2020,22138,181.7,1.817,121.83819479999998,12183.81948,"Canning Town South, Newham, England",51.5139887,0.0082987
E05000456,Merton,Cannon Hill,2020,9727,222.4,2.224,43.73651079,4373.651079,"Cannon Hill, Merton, England",51.622925,-0.1222316
E05000369,Islington,Canonbury,2020,13483,80.7,0.807,167.0755886,16707.55886,"Canonbury, Islington, England",51.5430358,-0.0954008
E05000286,Harrow,Canons,2020,15027,563.1,5.631,26.68620139,2668.620139,"Canons, Harrow, England",51.6080065,-0.2947453
E05000131,Camden,Cantelowes,2020,14331,75.8,0.758,189.06332450000002,18906.33245,"Cantelowes, Camden, England",51.5469158,-0.1332405173774825
E05000558,Sutton,Carshalton Central,2020,11236,202.7,2.0269999999999997,55.43167242,5543.167242,"Carshalton Central, Sutton, England",51.3657883,-0.1610857
E05000559,Sutton,Carshalton South and Clockhouse,2020,10803,705.6,7.056,15.31037415,1531.037415,"Carshalton South and Clockhouse, Sutton, England",51.3308639,-0.1694141
E05000440,Lewisham,Catford South,2020,15794,186.8,1.868,84.5503212,8455.03212,"Catford South, Lewisham, England",51.440517,-0.0059785
E05000591,Waltham Forest,Cathall,2020,13818,105.7,1.057,130.72847679999998,13072.847679999999,"Cathall, Waltham Forest, England",51.5597438,0.0028767967532726123
E05000536,Southwark,Cathedrals,2020,20992,176.3,1.7630000000000001,119.06976740000002,11906.97674,"Cathedrals, Southwark, England",0.0,0.0
E05000327,Hillingdon,Cavendish,2020,12600,201.3,2.013,62.59314456,6259.314456,"Cavendish, Hillingdon, England",51.572667949999996,-0.3950043845953086
E05000232,Hackney,Cazenove,2020,14847,68.4,0.684,217.0614035,21706.14035,"Cazenove, Hackney, England",51.5643788,-0.0716881
E05000498,Redbridge,Chadwell,2020,16311,151.4,1.514,107.73447820000001,10773.44782,"Chadwell, Redbridge, England",51.5700474,0.1297842
E05000029,Barking and Dagenham,Chadwell Heath,2020,11353,338.0,3.38,33.5887574,3358.87574,"Chadwell Heath, Barking and Dagenham, England",51.5679857,0.127994
E05000592,Waltham Forest,Chapel End,2020,15879,184.2,1.8419999999999999,86.20521173,8620.521173000001,"Chapel End, Waltham Forest, England",51.598434,-0.0154323
E05000216,Greenwich,Charlton,2020,15534,203.4,2.0340000000000003,76.37168142,7637.168142,"Charlton, Greenwich, England",51.4826053,0.0365359
E05000328,Hillingdon,Charville,2020,13180,297.3,2.9730000000000003,44.33232425,4433.232425,"Charville, Hillingdon, England",51.5335444,-0.4154092734602755
E05000195,Enfield,Chase,2020,14663,1694.4,16.944000000000003,8.653800755,865.3800755000001,"Chase, Enfield, England",51.6520851,-0.0810175
E05000233,Hackney,Chatham,2020,15854,90.9,0.909,174.4114411,17441.14411,"Chatham, Hackney, England",51.5450799,-0.0506929
E05000537,Southwark,Chaucer,2020,16372,82.3,0.823,198.93074119999997,19893.074119999997,"Chaucer, Southwark, England",51.4985655,-0.09097634066621132
E05000560,Sutton,Cheam,2020,11288,393.8,3.938,28.6642966,2866.4296600000002,"Cheam, Sutton, England",51.3556609,-0.2145128
E05000110,Bromley,Chelsfield and Pratts Bottom,2020,15401,1256.2,12.562000000000001,12.25999045,1225.999045,"Chelsfield and Pratts Bottom, Bromley, England",51.3566115,0.1083284
E05000404,Kingston upon Thames,Chessington North and Hook,2020,9351,192.9,1.929,48.47589425,4847.589425,"Chessington North and Hook, Kingston upon Thames, England",51.363982,-0.3007319
E05000405,Kingston upon Thames,Chessington South,2020,11121,755.2,7.5520000000000005,14.72590042,1472.590042,"Chessington South, Kingston upon Thames, England",51.35675,-0.308097
E05000045,Barnet,Childs Hill,2020,22726,308.9,3.089,73.57073487,7357.073487000001,"Childs Hill, Barnet, England",51.5629822,-0.1972494
E05000593,Waltham Forest,Chingford Green,2020,10984,372.8,3.728,29.46351931,2946.3519309999997,"Chingford Green, Waltham Forest, England",51.631213,0.0020423035282898907
E05000111,Bromley,Chislehurst,2020,16926,1044.9,10.449000000000002,16.198679300000002,1619.8679300000001,"Chislehurst, Bromley, England",51.4115718,0.0769545
E05000348,Hounslow,Chiswick Homefields,2020,12296,225.6,2.256,54.5035461,5450.35461,"Chiswick Homefields, Hounslow, England",0.0,0.0
E05000349,Hounslow,Chiswick Riverside,2020,12180,208.1,2.081,58.529553099999994,5852.95531,"Chiswick Riverside, Hounslow, England",51.4923137,-0.263818
E05000069,Bexley,Christchurch,2020,12181,254.8,2.548,47.80612245,4780.612245,"Christchurch, Bexley, England",51.4799748,0.1739214
E05000499,Redbridge,Church End,2020,13053,149.2,1.492,87.48659517,8748.659517,"Church End, Redbridge, England",50.920672,-1.4711069
E05000634,Westminster,Church Street,2020,13253,44.4,0.444,298.490991,29849.0991,"Church Street, Westminster, England",51.5213557,-0.1734528
E05000633,Westminster,Churchill,2020,12430,60.9,0.609,204.10509030000003,20410.50903,"Churchill, Westminster, England",51.515473,-0.1570192
E05000418,Lambeth,Clapham Common,2020,14376,134.3,1.3430000000000002,107.0439315,10704.39315,"Clapham Common, Lambeth, England",51.4620748,-0.1373589
E05000419,Lambeth,Clapham Town,2020,15507,112.0,1.12,138.4553571,13845.53571,"Clapham Town, Lambeth, England",51.4622924,-0.1388561
E05000500,Redbridge,Clayhall,2020,13732,249.1,2.491,55.12645524,5512.6455240000005,"Clayhall, Redbridge, England",50.7813106,-1.1308545
E05000501,Redbridge,Clementswood,2020,19040,127.1,1.271,149.8033045,14980.33045,"Clementswood, Redbridge, England",51.5531403,0.0730408
E05000370,Islington,Clerkenwell,2020,12958,93.5,0.935,138.5882353,13858.823530000001,"Clerkenwell, Islington, England",51.5237268,-0.1055555
E05000171,Ealing,Cleveland,2020,15277,223.2,2.2319999999999998,68.4453405,6844.53405,"Cleveland, Ealing, England",51.52300205,-0.32242356433147457
E05000234,Hackney,Clissold,2020,13290,70.2,0.7020000000000001,189.3162393,18931.62393,"Clissold, Hackney, England",51.561253699999995,-0.08839933496395203
E05000112,Bromley,Clock House,2020,16924,226.6,2.266,74.68667255,7468.667254999999,"Clock House, Bromley, England",51.4086793,-0.0404242
E05000196,Enfield,Cockfosters,2020,15678,1040.7,10.407,15.06486019,1506.486019,"Cockfosters, Enfield, England",51.651366,-0.1485149
E05000420,Lambeth,Coldharbour,2020,18375,120.8,1.208,152.1109272,15211.092719999999,"Coldharbour, Lambeth, England",51.4641204,-0.1048033
E05000217,Greenwich,Coldharbour and New Eltham,2020,13697,254.9,2.549,53.73479796,5373.4797960000005,"Coldharbour and New Eltham, Greenwich, England",51.4304703,0.0576814
E05000046,Barnet,Colindale,2020,30605,264.2,2.642,115.84027250000001,11584.02725,"Colindale, Barnet, England",51.5954091,-0.2499296
E05000538,Southwark,College,2020,12753,323.4,3.234,39.43413729,3943.413729,"College, Southwark, England",51.5029222,-0.103458
E05000253,Hammersmith and Fulham,College Park and Old Oak,2020,10599,344.0,3.44,30.81104651,3081.104651,"College Park and Old Oak, Hammersmith and Fulham, England",0.0,0.0
E05000457,Merton,Colliers Wood,2020,11557,111.1,1.111,104.02340229999999,10402.34023,"Colliers Wood, Merton, England",51.4182747,-0.1778626
E05000385,Kensington and Chelsea,Colville,2020,8138,39.1,0.391,208.1329923,20813.29923,"Colville, Kensington and Chelsea, England",51.515727999999996,-0.2037664141544857
E05000070,Bexley,Colyers,2020,10771,164.1,1.641,65.63680683,6563.680683,"Colyers, Bexley, England",51.470898,0.1683406
E05000406,Kingston upon Thames,Coombe Hill,2020,11344,441.0,4.41,25.72335601,2572.335601,"Coombe Hill, Kingston upon Thames, England",51.4194499,-0.2653985
E05000407,Kingston upon Thames,Coombe Vale,2020,10561,164.7,1.6469999999999998,64.12264724,6412.264724000001,"Coombe Vale, Kingston upon Thames, England",51.4194499,-0.2653985
E05000113,Bromley,Copers Cope,2020,16925,328.6,3.286,51.50639075,5150.639075,"Copers Cope, Bromley, England",51.4193475,-0.0315021
E05000047,Barnet,Coppetts,2020,17932,272.0,2.72,65.92647059,6592.647059000001,"Coppetts, Barnet, England",51.60444955,-0.15376787481382959
E05000150,Croydon,Coulsdon East,2020,12595,774.3,7.742999999999999,16.26630505,1626.630505,"Coulsdon East, Croydon, England",51.3199716,-0.1393506
E05000151,Croydon,Coulsdon West,2020,16182,499.5,4.995,32.3963964,3239.63964,"Coulsdon West, Croydon, England",51.3199716,-0.1393506
E05000386,Kensington and Chelsea,Courtfield,2020,8526,48.2,0.48200000000000004,176.88796680000002,17688.79668,"Courtfield, Kensington and Chelsea, England",51.4921289,-0.1926267
E05000502,Redbridge,Cranbrook,2020,13860,240.6,2.406,57.60598504,5760.598504,"Cranbrook, Redbridge, England",51.0965459,0.5321089
E05000350,Hounslow,Cranford,2020,13510,272.3,2.7230000000000003,49.61439589,4961.439589,"Cranford, Hounslow, England",51.4806709,-0.4096772
E05000307,Havering,Cranham,2020,13201,655.6,6.556,20.13575351,2013.5753510000002,"Cranham, Havering, England",51.5614882,0.2679097
E05000072,Bexley,Cray Meadows,2020,12313,718.4,7.184,17.13947661,1713.947661,"Cray Meadows, Bexley, England",0.0,0.0
E05000114,Bromley,Cray Valley East,2020,16655,1328.8,13.288,12.53386514,1253.386514,"Cray Valley East, Bromley, England",51.3959873,0.1145055
E05000115,Bromley,Cray Valley West,2020,17568,393.8,3.938,44.61147791,4461.147790999999,"Cray Valley West, Bromley, England",51.395957,0.1144976
E05000071,Bexley,Crayford,2020,14101,396.8,3.968,35.53679435,3553.679435,"Crayford, Bexley, England",51.4481946,0.1783696
E05000387,Kensington and Chelsea,Cremorne,2020,8044,61.2,0.612,131.4379085,13143.79085,"Cremorne, Kensington and Chelsea, England",51.4796381,-0.17843036657526812
E05000458,Merton,Cricket Green,2020,12247,299.7,2.997,40.86419753,4086.419753,"Cricket Green, Merton, England",51.3998626,-0.1662482
E05000441,Lewisham,Crofton Park,2020,15860,172.1,1.7209999999999999,92.15572342,9215.572342,"Crofton Park, Lewisham, England",51.4552107,-0.0366376
E05000152,Croydon,Croham,2020,17374,352.3,3.523,49.31592393,4931.592393,"Croham, Croydon, England",51.35218055,-0.08084033180758021
E05000269,Haringey,Crouch End,2020,13817,144.0,1.44,95.95138889,9595.138889,"Crouch End, Haringey, England",51.5787402,-0.1235992
E05000116,Bromley,Crystal Palace,2020,13666,229.3,2.293,59.59877889,5959.877889,"Crystal Palace, Bromley, England",51.4193664,-0.0711328
E05000479,Newham,Custom House,2020,14267,206.3,2.063,69.1565681,6915.6568099999995,"Custom House, Newham, England",51.50965175,0.02604256380929878
E05000235,Hackney,Dalston,2020,17125,92.7,0.927,184.7357066,18473.570659999998,"Dalston, Hackney, England",51.5434023,-0.0672286
E05000073,Bexley,Danson Park,2020,11568,271.6,2.716,42.59204713,4259.204713,"Danson Park, Bexley, England",51.4548647,0.11756728162868635
E05000117,Bromley,Darwin,2020,5553,2903.5,29.035,1.912519373,191.2519373,"Darwin, Bromley, England",51.331448800000004,0.05338734412002598
E05000236,Hackney,De Beauvoir,2020,17225,88.9,0.889,193.7570304,19375.70304,"De Beauvoir, Hackney, England",51.53867385,-0.08200983182656821
E05000088,Brent,Dollis Hill,2020,14629,229.8,2.298,63.65970409,6365.9704090000005,"Dollis Hill, Brent, England",51.5519625,-0.2390214
E05000172,Ealing,Dormers Wells,2020,14496,225.9,2.259,64.16998672,6416.998672,"Dormers Wells, Ealing, England",51.5184396,-0.3665521312181104
E05000442,Lewisham,Downham,2020,15526,238.9,2.3890000000000002,64.98953537,6498.953536999999,"Downham, Lewisham, England",51.426111,0.0064566
E05000089,Brent,Dudden Hill,2020,16424,168.2,1.682,97.64565993,9764.565993,"Dudden Hill, Brent, England",51.5530325,-0.2434806
E05000459,Merton,Dundonald,2020,9974,115.1,1.151,86.65508254,8665.508254,"Dundonald, Merton, England",51.41518395,-0.2098550937853973
E05000173,Ealing,Ealing Broadway,2020,16079,185.7,1.857,86.58589122,8658.589122,"Ealing Broadway, Ealing, England",51.5149803,-0.3004067
E05000174,Ealing,Ealing Common,2020,14202,214.0,2.14,66.36448598,6636.448598,"Ealing Common, Ealing, England",51.5097107,-0.2881658
E05000388,Kensington and Chelsea,Earl's Court,2020,10503,45.9,0.45899999999999996,228.8235294,22882.35294,"Earl's Court, Kensington and Chelsea, England",51.4916123,-0.193903
E05000612,Wandsworth,Earlsfield,2020,16865,141.1,1.411,119.5251595,11952.51595,"Earlsfield, Wandsworth, England",51.4464482,-0.1893941
E05000175,Ealing,East Acton,2020,21993,427.2,4.272,51.48174157,5148.174157,"East Acton, Ealing, England",51.517756750000004,-0.25213644732704343
E05000048,Barnet,East Barnet,2020,17277,375.2,3.752,46.04744136,4604.744136,"East Barnet, Barnet, England",51.6416813,-0.1628235
E05000539,Southwark,East Dulwich,2020,13674,101.9,1.0190000000000001,134.19038270000001,13419.038270000001,"East Dulwich, Southwark, England",51.4615604,-0.0803888
E05000049,Barnet,East Finchley,2020,17398,252.4,2.524,68.93026941,6893.026941,"East Finchley, Barnet, England",51.5871881,-0.1648137
E05000480,Newham,East Ham Central,2020,17257,103.9,1.0390000000000001,166.0923965,16609.23965,"East Ham Central, Newham, England",51.5394005,0.0526042
E05000481,Newham,East Ham North,2020,14442,90.4,0.904,159.7566372,15975.663719999999,"East Ham North, Newham, England",51.5394005,0.0526042
E05000482,Newham,East Ham South,2020,16449,181.2,1.8119999999999998,90.77814570000001,9077.81457,"East Ham South, Newham, England",51.5394005,0.0526042
E05000579,Tower Hamlets,East India and Lansbury,2020,20824,122.4,1.224,170.130719,17013.0719,"East India and Lansbury, Tower Hamlets, England",0.0,0.0
E05000613,Wandsworth,East Putney,2020,16401,160.9,1.609,101.9328776,10193.28776,"East Putney, Wandsworth, England",51.4586138,-0.2112429
E05000517,Richmond upon Thames,East Sheen,2020,11264,583.5,5.835,19.3041988,1930.4198800000001,"East Sheen, Richmond upon Thames, England",51.4623706,-0.267094
E05000540,Southwark,East Walworth,2020,15209,114.4,1.1440000000000001,132.94580420000003,13294.58042,"East Walworth, Southwark, England",51.4901142,-0.0906603
E05000074,Bexley,East Wickham,2020,11588,216.9,2.169,53.42554172,5342.554172,"East Wickham, Bexley, England",51.47263615,0.10453749451693783
E05000030,Barking and Dagenham,Eastbrook,2020,11078,345.4,3.4539999999999997,32.07295889,3207.295889,"Eastbrook, Barking and Dagenham, England",51.5515648,0.16154306778846314
E05000031,Barking and Dagenham,Eastbury,2020,12345,144.5,1.445,85.43252595,8543.252595,"Eastbury, Barking and Dagenham, England",51.5344736,0.0993936
E05000329,Hillingdon,Eastcote and East Ruislip,2020,14704,405.8,4.058,36.23459832,3623.459832,"Eastcote and East Ruislip, Hillingdon, England",51.5795418,-0.4016534
E05000050,Barnet,Edgware,2020,21003,556.0,5.56,37.77517986,3777.517986,"Edgware, Barnet, England",51.613673,-0.2749398
E05000287,Harrow,Edgware,2020,13592,140.1,1.401,97.01641685,9701.641684999999,"Edgware, Harrow, England",51.6188193,-0.2886172396474118
E05000197,Enfield,Edmonton Green,2020,19200,312.9,3.1289999999999996,61.36145733,6136.145732999999,"Edmonton Green, Enfield, England",51.6248371,-0.061208
E05000308,Havering,Elm Park,2020,13575,366.7,3.667,37.01936188,3701.936188,"Elm Park, Havering, England",51.549579,0.1974303
E05000218,Greenwich,Eltham North,2020,12815,255.0,2.55,50.25490196,5025.490196,"Eltham North, Greenwich, England",51.4505687,0.0541253
E05000219,Greenwich,Eltham South,2020,12951,462.7,4.627,27.99005835,2799.005835,"Eltham South, Greenwich, England",51.4555936,0.0522692
E05000220,Greenwich,Eltham West,2020,15229,242.6,2.426,62.77411377,6277.411377,"Eltham West, Greenwich, England",51.4505687,0.0541253
E05000176,Ealing,Elthorne,2020,16585,200.0,2.0,82.925,8292.5,"Elthorne, Ealing, England",51.5005221,-0.3311126743879512
E05000309,Havering,Emerson Park,2020,12376,463.9,4.638999999999999,26.678163399999995,2667.81634,"Emerson Park, Havering, England",51.5686007,0.2202375
E05000594,Waltham Forest,Endlebury,2020,11689,195.9,1.959,59.66819806,5966.819806,"Endlebury, Waltham Forest, England",51.6241284,-0.000279
E05000198,Enfield,Enfield Highway,2020,16944,463.9,4.638999999999999,36.52511317,3652.511317,"Enfield Highway, Enfield, England",51.6570215,-0.0470996
E05000199,Enfield,Enfield Lock,2020,18418,325.1,3.2510000000000003,56.65333743,5665.333743,"Enfield Lock, Enfield, England",51.6708872,-0.0285727
E05000075,Bexley,Erith,2020,15249,475.6,4.756,32.062657699999995,3206.26577,"Erith, Bexley, England",51.4775613,0.1823013
E05000443,Lewisham,Evelyn,2020,24417,177.4,1.774,137.638106,13763.8106,"Evelyn, Lewisham, England",51.4812646,-0.03200095316539856
E05000153,Croydon,Fairfield,2020,27463,376.5,3.765,72.94289509,7294.289509,"Fairfield, Croydon, England",51.3722383,-0.09548746510944886
E05000614,Wandsworth,Fairfield,2020,16550,145.5,1.455,113.74570449999999,11374.57045,"Fairfield, Wandsworth, England",51.4587614,-0.1904427
E05000503,Redbridge,Fairlop,2020,13686,359.4,3.594,38.08013356,3808.0133560000004,"Fairlop, Redbridge, England",51.5959477,0.0911302
E05000076,Bexley,Falconwood and Welling,2020,11193,166.5,1.665,67.22522523,6722.522523000001,"Falconwood and Welling, Bexley, England",0.0,0.0
E05000541,Southwark,Faraday,2020,14364,87.7,0.877,163.78563280000003,16378.56328,"Faraday, Southwark, England",51.48555385,-0.08623713024547833
E05000118,Bromley,Farnborough and Crofton,2020,15340,699.5,6.995,21.92994996,2192.994996,"Farnborough and Crofton, Bromley, England",0.0,0.0
E05000351,Hounslow,Feltham North,2020,12231,338.4,3.384,36.14361702,3614.361702,"Feltham North, Hounslow, England",51.4442232,-0.410659
E05000352,Hounslow,Feltham West,2020,16167,318.2,3.182,50.80766813,5080.766813,"Feltham West, Hounslow, England",51.4442232,-0.410659
E05000421,Lambeth,Ferndale,2020,17713,85.3,0.853,207.6553341,20765.53341,"Ferndale, Lambeth, England",51.5013012,-0.117287
E05000154,Croydon,Fieldway,2020,12000,148.5,1.485,80.80808081,8080.808081,"Fieldway, Croydon, England",51.3509685,-0.0241702
E05000460,Merton,Figge's Marsh,2020,12284,114.3,1.143,107.47156609999999,10747.15661,"Figge's Marsh, Merton, England",51.4145388,-0.16032940212473965
E05000051,Barnet,Finchley Church End,2020,17123,270.9,2.7089999999999996,63.20782577,6320.782577,"Finchley Church End, Barnet, England",51.6008355,-0.192318
E05000371,Islington,Finsbury Park,2020,17003,91.6,0.9159999999999999,185.6222707,18562.227069999997,"Finsbury Park, Islington, England",51.5648345,-0.1064144
E05000595,Waltham Forest,Forest,2020,13216,198.5,1.985,66.57934509,6657.934509000001,"Forest, Waltham Forest, England",51.5834787,0.0100555
E05000483,Newham,Forest Gate North,2020,16847,124.6,1.246,135.20866769999998,13520.866769999999,"Forest Gate North, Newham, England",51.5495236,0.0249248
E05000484,Newham,Forest Gate South,2020,18952,119.2,1.192,158.9932886,15899.32886,"Forest Gate South, Newham, England",51.5495236,0.0249248
E05000444,Lewisham,Forest Hill,2020,16985,182.8,1.828,92.91575492,9291.575492,"Forest Hill, Lewisham, England",51.4392419,-0.0530903
E05000270,Haringey,Fortis Green,2020,14077,199.4,1.994,70.59679037,7059.679037000001,"Fortis Green, Haringey, England",51.590997,-0.1534208
E05000132,Camden,Fortune Green,2020,13739,100.5,1.005,136.7064677,13670.64677,"Fortune Green, Camden, England",51.55459575,-0.19762242661430518
E05000133,Camden,Frognal and Fitzjohns,2020,13935,153.3,1.5330000000000001,90.90019569,9090.019569,"Frognal and Fitzjohns, Camden, England",0.0,0.0
E05000090,Brent,Fryent,2020,14717,265.8,2.658,55.36869827,5536.869827,"Fryent, Brent, England",51.5770306,-0.2760837100645358
E05000254,Hammersmith and Fulham,Fulham Broadway,2020,12254,66.7,0.667,183.7181409,18371.81409,"Fulham Broadway, Hammersmith and Fulham, England",51.4808834,-0.1943493
E05000255,Hammersmith and Fulham,Fulham Reach,2020,12015,88.2,0.882,136.22448980000001,13622.448980000001,"Fulham Reach, Hammersmith and Fulham, England",51.4871579,-0.22617045487998716
E05000504,Redbridge,Fullwell,2020,13805,218.5,2.185,63.18077803,6318.077803,"Fullwell, Redbridge, England",51.5938864,0.0854521
E05000518,Richmond upon Thames,Fulwell and Hampton Hill,2020,11026,191.8,1.9180000000000001,57.48696559,5748.696559,"Fulwell and Hampton Hill, Richmond upon Thames, England",51.4323957,-0.3491637
E05000615,Wandsworth,Furzedown,2020,15564,141.3,1.413,110.14862,11014.862,"Furzedown, Wandsworth, England",51.424389,-0.1537022
E05000052,Barnet,Garden Suburb,2020,16895,473.1,4.731,35.71126612,3571.1266119999996,"Garden Suburb, Barnet, England",51.6495724,-0.171006
E05000032,Barking and Dagenham,Gascoigne,2020,15741,113.4,1.1340000000000001,138.80952380000002,13880.95238,"Gascoigne, Barking and Dagenham, England",51.5322827,0.0812505
E05000422,Lambeth,Gipsy Hill,2020,14961,157.0,1.57,95.29299363,9529.299363,"Gipsy Hill, Lambeth, England",51.4247042,-0.0845885
E05000221,Greenwich,Glyndon,2020,19595,170.4,1.704,114.9941315,11499.41315,"Glyndon, Greenwich, England",51.4873935,0.0846794
E05000389,Kensington and Chelsea,Golborne,2020,9394,94.9,0.9490000000000001,98.98840885,9898.840885,"Golborne, Kensington and Chelsea, England",51.5222955,-0.2076218
E05000053,Barnet,Golders Green,2020,22324,297.8,2.978,74.96306246,7496.306245999999,"Golders Green, Barnet, England",51.5718315,-0.1955219
E05000505,Redbridge,Goodmayes,2020,14433,164.8,1.6480000000000001,87.57888349999999,8757.88835,"Goodmayes, Redbridge, England",51.565803,0.1119305
E05000310,Havering,Gooshays,2020,16520,776.1,7.761,21.28591676,2128.591676,"Gooshays, Havering, England",51.6057414,0.2250343
E05000033,Barking and Dagenham,Goresbrook,2020,12561,128.0,1.28,98.1328125,9813.28125,"Goresbrook, Barking and Dagenham, England",51.5355397,0.1414408666617633
E05000134,Camden,Gospel Oak,2020,13001,69.1,0.691,188.1476122,18814.76122,"Gospel Oak, Camden, England",51.5554865,-0.151577
E05000200,Enfield,Grange,2020,14144,328.6,3.286,43.04321363,4304.321363,"Grange, Enfield, England",51.6419939,-0.096344
E05000542,Southwark,Grange,2020,19050,120.5,1.205,158.0912863,15809.128630000001,"Grange, Southwark, England",51.4963612,-0.0770464
E05000461,Merton,Graveney,2020,10172,88.4,0.884,115.0678733,11506.78733,"Graveney, Merton, England",51.3272175,0.9456255
E05000616,Wandsworth,Graveney,2020,16313,100.8,1.008,161.8353175,16183.53175,"Graveney, Wandsworth, England",51.4234522,-0.1665496
E05000485,Newham,Green Street East,2020,17576,74.3,0.743,236.55450869999999,23655.45087,"Green Street East, Newham, England",51.5470365,0.0315365
E05000486,Newham,Green Street West,2020,16563,80.5,0.805,205.7515528,20575.155280000003,"Green Street West, Newham, England",51.5327933,0.0367734
E05000177,Ealing,Greenford Broadway,2020,18691,252.2,2.522,74.11181602,7411.181602,"Greenford Broadway, Ealing, England",51.5280218,-0.3540754
E05000178,Ealing,Greenford Green,2020,15674,338.1,3.3810000000000002,46.35906537,4635.906537,"Greenford Green, Ealing, England",51.5422492,-0.3453513
E05000288,Harrow,Greenhill,2020,17852,174.7,1.7469999999999999,102.1866056,10218.66056,"Greenhill, Harrow, England",51.5840017,-0.3330006
E05000222,Greenwich,Greenwich West,2020,22422,279.7,2.7969999999999997,80.16446192,8016.446192,"Greenwich West, Greenwich, England",51.4820845,-0.0045417
E05000408,Kingston upon Thames,Grove,2020,13142,192.0,1.92,68.44791667,6844.791667,"Grove, Kingston upon Thames, England",51.4096275,-0.3062621
E05000596,Waltham Forest,Grove Green,2020,16178,89.8,0.898,180.155902,18015.5902,"Grove Green, Waltham Forest, England",0.0,0.0
E05000445,Lewisham,Grove Park,2020,15651,239.2,2.392,65.43060201,6543.060201,"Grove Park, Lewisham, England",51.4318969,0.0212344
E05000237,Hackney,Hackney Central,2020,14753,78.0,0.78,189.1410256,18914.10256,"Hackney Central, Hackney, England",51.5470605,-0.0568749
E05000238,Hackney,Hackney Downs,2020,14302,101.8,1.018,140.4911591,14049.115909999999,"Hackney Downs, Hackney, England",51.5486455,-0.060686
E05000311,Havering,Hacton,2020,12761,246.1,2.461,51.85290532,5185.290532,"Hacton, Havering, England",51.5526152,0.2304139
E05000239,Hackney,Haggerston,2020,18695,124.3,1.2429999999999999,150.4022526,15040.22526,"Haggerston, Hackney, England",51.5385184,-0.0753811
E05000506,Redbridge,Hainault,2020,13921,564.2,5.642,24.67387451,2467.387451,"Hainault, Redbridge, England",51.6033163,0.0933599
E05000054,Barnet,Hale,2020,18629,542.2,5.422000000000001,34.35817042,3435.817042,"Hale, Barnet, England",51.618006,-0.256795
E05000597,Waltham Forest,Hale End and Highams Park,2020,13062,235.0,2.35,55.58297872,5558.297872,"Hale End and Highams Park, Waltham Forest, England",0.0,0.0
E05000519,Richmond upon Thames,Ham Petersham and Richmond River,2020,11104,944.6,9.446,11.75524031,1175.5240310000002,"Ham Petersham and Richmond River, Richmond upon Thames, England",51.444235250000006,-0.3140404956758003
E05000256,Hammersmith and Fulham,Hammersmith Broadway,2020,13796,110.4,1.104,124.96376809999998,12496.37681,"Hammersmith Broadway, Hammersmith and Fulham, England",51.49215415,-0.22416220469888298
E05000135,Camden,Hampstead Town,2020,12448,245.0,2.45,50.80816327,5080.8163270000005,"Hampstead Town, Camden, England",51.5542879,-0.1740747
E05000520,Richmond upon Thames,Hampton,2020,10656,687.7,6.877000000000001,15.49512869,1549.512869,"Hampton, Richmond upon Thames, England",51.4150272,-0.3691409
E05000521,Richmond upon Thames,Hampton North,2020,9740,195.0,1.95,49.94871795,4994.871795,"Hampton North, Richmond upon Thames, England",51.4150272,-0.3691409
E05000522,Richmond upon Thames,Hampton Wick,2020,11458,274.6,2.7460000000000004,41.72614712,4172.614712,"Hampton Wick, Richmond upon Thames, England",51.4144519,-0.3126743
E05000179,Ealing,Hanger Hill,2020,16110,327.4,3.2739999999999996,49.20586439,4920.586439,"Hanger Hill, Ealing, England",51.5303098,-0.2936453
E05000390,Kensington and Chelsea,Hans Town,2020,8754,55.2,0.552,158.58695649999999,15858.69565,"Hans Town, Kensington and Chelsea, England",0.0,0.0
E05000353,Hounslow,Hanworth,2020,12427,325.1,3.2510000000000003,38.22516149,3822.516149,"Hanworth, Hounslow, England",51.4348478,-0.3903611
E05000354,Hounslow,Hanworth Park,2020,12524,364.1,3.641,34.39714364,3439.714364,"Hanworth Park, Hounslow, England",51.439342249999996,-0.3975125804317526
E05000330,Hillingdon,Harefield,2020,7950,1522.4,15.224,5.222017867,522.2017867,"Harefield, Hillingdon, England",51.6041828,-0.4825622
E05000091,Brent,Harlesden,2020,16685,111.5,1.115,149.6412556,14964.125559999999,"Harlesden, Brent, England",51.5363567,-0.257833
E05000312,Havering,Harold Wood,2020,15082,759.6,7.596,19.85518694,1985.518694,"Harold Wood, Havering, England",51.5936326,0.2310497
E05000271,Haringey,Harringay,2020,15037,156.2,1.5619999999999998,96.26760563,9626.760563,"Harringay, Haringey, England",51.5773885,-0.1053581
E05000289,Harrow,Harrow on the Hill,2020,13390,357.5,3.575,37.45454545,3745.4545450000005,"Harrow on the Hill, Harrow, England",51.5792702,-0.3366561
E05000635,Westminster,Harrow Road,2020,13741,49.5,0.495,277.5959596,27759.595960000002,"Harrow Road, Westminster, England",51.5217845,-0.1931611
E05000290,Harrow,Harrow Weald,2020,11935,458.9,4.5889999999999995,26.00784485,2600.784485,"Harrow Weald, Harrow, England",51.6047861,-0.3404854
E05000201,Enfield,Haselbury,2020,17542,179.7,1.797,97.61825264,9761.825264,"Haselbury, Enfield, England",51.6274126,-0.072845
E05000291,Harrow,Hatch End,2020,11062,328.1,3.281,33.71533069,3371.5330689999996,"Hatch End, Harrow, England",51.6095781,-0.3687836
E05000598,Waltham Forest,Hatch Lane,2020,11607,241.8,2.418,48.00248139,4800.248139,"Hatch Lane, Waltham Forest, England",51.6186889,0.0042356
E05000313,Havering,Havering Park,2020,13576,978.8,9.788,13.87004495,1387.004495,"Havering Park, Havering, England",51.6088301,0.1656868
E05000136,Camden,Haverstock,2020,14179,73.2,0.732,193.7021858,19370.21858,"Haverstock, Camden, England",51.54486825,-0.15321325911976424
E05000119,Bromley,Hayes and Coney Hall,2020,16823,1081.7,10.817,15.55237127,1555.2371269999999,"Hayes and Coney Hall, Bromley, England",51.3777494,0.0028818
E05000292,Harrow,Headstone North,2020,11399,329.5,3.295,34.59484067,3459.4840670000003,"Headstone North, Harrow, England",51.591883249999995,-0.35421665178460315
E05000293,Harrow,Headstone South,2020,12262,146.2,1.462,83.87140903,8387.140903,"Headstone South, Harrow, England",51.591883249999995,-0.35421665178460315
E05000034,Barking and Dagenham,Heath,2020,11949,200.5,2.005,59.59600998,5959.600998,"Heath, Barking and Dagenham, England",51.5679857,0.127994
E05000155,Croydon,Heathfield,2020,13350,871.0,8.71,15.3272101,1532.72101,"Heathfield, Croydon, England",51.3569679,-0.0569333124962793
E05000523,Richmond upon Thames,Heathfield,2020,11037,191.2,1.912,57.7248954,5772.48954,"Heathfield, Richmond upon Thames, England",51.420316,-0.3734363999999992
E05000331,Hillingdon,Heathrow Villages,2020,13923,2352.5,23.525,5.9183846970000005,591.8384697,"Heathrow Villages, Hillingdon, England",0.0,0.0
E05000314,Havering,Heaton,2020,14258,341.5,3.415,41.7510981,4175.10981,"Heaton, Havering, England",51.5925207,0.1914535
E05000055,Barnet,Hendon,2020,20221,284.0,2.84,71.20070423,7120.070423,"Hendon, Barnet, England",51.581053350000005,-0.226820363375403
E05000423,Lambeth,Herne Hill,2020,16690,203.2,2.032,82.13582677,8213.582677,"Herne Hill, Lambeth, England",51.4534691,-0.1022835
E05000355,Hounslow,Heston Central,2020,13538,168.5,1.685,80.34421365,8034.421365,"Heston Central, Hounslow, England",51.4854573,-0.3719561
E05000356,Hounslow,Heston East,2020,13769,200.4,2.004,68.70758483,6870.758483,"Heston East, Hounslow, England",51.4854573,-0.3719561
E05000357,Hounslow,Heston West,2020,13445,383.0,3.83,35.10443864,3510.443864,"Heston West, Hounslow, England",51.4854573,-0.3719561
E05000056,Barnet,High Barnet,2020,16068,830.9,8.309,19.33806716,1933.806716,"High Barnet, Barnet, England",51.650399,-0.1938826
E05000599,Waltham Forest,High Street,2020,16292,306.1,3.0610000000000004,53.22443646,5322.443646,"High Street, Waltham Forest, England",53.5171697,-0.0973609
E05000600,Waltham Forest,Higham Hill,2020,16890,322.2,3.222,52.42085661,5242.085661,"Higham Hill, Waltham Forest, England",51.5960399,-0.0353557
E05000372,Islington,Highbury East,2020,13940,100.4,1.004,138.84462150000002,13884.46215,"Highbury East, Islington, England",51.5457996,-0.1027127
E05000373,Islington,Highbury West,2020,18894,108.2,1.082,174.6210721,17462.10721,"Highbury West, Islington, England",51.5457996,-0.1027127
E05000137,Camden,Highgate,2020,12089,324.2,3.242,37.28871067,3728.871067,"Highgate, Camden, England",51.5744322,-0.1526837
E05000272,Haringey,Highgate,2020,13153,249.9,2.499,52.63305322,5263.305322,"Highgate, Haringey, England",51.5776825,-0.1458316
E05000202,Enfield,Highlands,2020,14349,508.8,5.088,28.20165094,2820.165094,"Highlands, Enfield, England",51.649935,-0.1064298
E05000332,Hillingdon,Hillingdon East,2020,13894,359.4,3.594,38.6588759,3865.88759,"Hillingdon East, Hillingdon, England",51.532563,-0.453256
E05000374,Islington,Hillrise,2020,13463,82.5,0.825,163.18787880000002,16318.787880000002,"Hillrise, Islington, England",51.5711105,-0.124348
E05000462,Merton,Hillside,2020,9440,118.4,1.1840000000000002,79.72972973,7972.972973000001,"Hillside, Merton, England",51.4198517,-0.219768
E05000180,Ealing,Hobbayne,2020,14429,220.8,2.208,65.34873188,6534.8731880000005,"Hobbayne, Ealing, England",51.5195173,-0.3461953
E05000601,Waltham Forest,Hoe Street,2020,15352,109.7,1.097,139.9453054,13994.53054,"Hoe Street, Waltham Forest, England",51.5826409,-0.0185375
E05000138,Camden,Holborn and Covent Garden,2020,15171,120.1,1.2009999999999998,126.31973359999999,12631.97336,"Holborn and Covent Garden, Camden, England",51.5158247,-0.1259847
E05000391,Kensington and Chelsea,Holland,2020,9857,103.9,1.0390000000000001,94.87006737,9487.006737,"Holland, Kensington and Chelsea, England",51.50301195,-0.20414761379575316
E05000375,Islington,Holloway,2020,17142,100.9,1.0090000000000001,169.8909812,16989.09812,"Holloway, Islington, England",51.5572453,-0.1183706
E05000273,Haringey,Hornsey,2020,13648,105.5,1.055,129.36492890000002,12936.492890000001,"Hornsey, Haringey, England",51.5863215,-0.1116832
E05000358,Hounslow,Hounslow Central,2020,19480,173.6,1.736,112.21198159999999,11221.19816,"Hounslow Central, Hounslow, England",51.471307,-0.3662332
E05000359,Hounslow,Hounslow Heath,2020,15926,278.7,2.787,57.14388231,5714.388231,"Hounslow Heath, Hounslow, England",51.4578773,-0.38514812469308957
E05000360,Hounslow,Hounslow South,2020,12338,179.3,1.7930000000000001,68.81204685,6881.204685,"Hounslow South, Hounslow, England",51.4686132,-0.3613471
E05000361,Hounslow,Hounslow West,2020,15487,162.1,1.621,95.53979025,9553.979025,"Hounslow West, Hounslow, England",51.4735822,-0.3858181
E05000240,Hackney,Hoxton,2020,18426,83.9,0.8390000000000001,219.61859359999997,21961.85936,"Hoxton, Hackney, England",51.5312914,-0.0758535
E05000636,Westminster,Hyde Park,2020,16180,95.9,0.9590000000000001,168.717414,16871.7414,"Hyde Park, Westminster, England",51.5074889,-0.1622053801825995
E05000315,Havering,Hylands,2020,13452,290.2,2.9019999999999997,46.35423846,4635.423846,"Hylands, Havering, England",51.57116995,0.2006150894515811
E05000333,Hillingdon,Ickenham,2020,11176,620.7,6.207000000000001,18.00547769,1800.5477690000002,"Ickenham, Hillingdon, England",51.5615698,-0.4423513
E05000362,Hounslow,Isleworth,2020,13037,203.1,2.031,64.19005416,6419.005416,"Isleworth, Hounslow, England",51.4683558,-0.3263111
E05000203,Enfield,Jubilee,2020,14940,391.8,3.918,38.13169985,3813.169985,"Jubilee, Enfield, England",51.634667300000004,-0.059330950743040456
E05000376,Islington,Junction,2020,13396,102.8,1.028,130.311284,13031.1284,"Junction, Islington, England",51.5522032,-0.111195
E05000120,Bromley,Kelsey and Eden Park,2020,17151,520.0,5.2,32.98269231,3298.2692309999998,"Kelsey and Eden Park, Bromley, England",0.0,0.0
E05000156,Croydon,Kenley,2020,15726,646.0,6.46,24.34365325,2434.365325,"Kenley, Croydon, England",51.3227524,-0.1037854
E05000092,Brent,Kensal Green,2020,15372,112.1,1.121,137.1275647,13712.756469999998,"Kensal Green, Brent, England",51.5306063,-0.2244449
E05000139,Camden,Kentish Town,2020,15464,102.8,1.028,150.4280156,15042.80156,"Kentish Town, Camden, England",51.5500658,-0.1425625
E05000093,Brent,Kenton,2020,12564,225.0,2.25,55.84,5584.0,"Kenton, Brent, England",51.5815255,-0.3166378
E05000294,Harrow,Kenton East,2020,11153,128.1,1.281,87.06479313,8706.479313,"Kenton East, Harrow, England",51.581287,-0.31647316158869243
E05000295,Harrow,Kenton West,2020,11692,176.5,1.765,66.24362606,6624.362606000001,"Kenton West, Harrow, England",51.581287,-0.31647316158869243
E05000524,Richmond upon Thames,Kew,2020,12118,357.5,3.575,33.896503499999994,3389.65035,"Kew, Richmond upon Thames, England",51.4806629,-0.2919292
E05000223,Greenwich,Kidbrooke with Hornfair,2020,14937,237.8,2.378,62.81328848,6281.328848,"Kidbrooke with Hornfair, Greenwich, England",0.0,0.0
E05000094,Brent,Kilburn,2020,18560,94.4,0.9440000000000001,196.6101695,19661.01695,"Kilburn, Brent, England",51.5469889,-0.2053385
E05000140,Camden,Kilburn,2020,14099,68.6,0.6859999999999999,205.5247813,20552.47813,"Kilburn, Camden, England",51.5469889,-0.2053385
E05000141,Camden,King's Cross,2020,13293,61.0,0.61,217.91803280000002,21791.80328,"King's Cross, Camden, England",51.5323954,-0.1230224
E05000241,Hackney,King's Park,2020,12523,181.4,1.814,69.03528115,6903.528115000001,"King's Park, Hackney, England",51.54497,-0.07846493802022442
E05000424,Lambeth,Knight's Hill,2020,15607,147.3,1.473,105.95383570000001,10595.38357,"Knight's Hill, Lambeth, England",51.4296577,-0.1042819
E05000637,Westminster,Knightsbridge and Belgravia,2020,10217,359.3,3.593,28.43584748,2843.584748,"Knightsbridge and Belgravia, Westminster, England",51.5017546,-0.1608199
E05000181,Ealing,Lady Margaret,2020,13811,153.9,1.5390000000000001,89.74009097,8974.009097,"Lady Margaret, Ealing, England",51.5177515,-0.3753809
E05000446,Lewisham,Ladywell,2020,15379,160.9,1.609,95.58110628,9558.110628,"Ladywell, Lewisham, England",51.4560257,-0.0191917
E05000638,Westminster,Lancaster Gate,2020,15166,63.0,0.63,240.73015869999998,24073.01587,"Lancaster Gate, Westminster, England",51.5118458,-0.175108
E05000425,Lambeth,Larkhall,2020,19874,105.9,1.0590000000000002,187.66761100000002,18766.7611,"Larkhall, Lambeth, England",51.46804485,-0.1366373978454975
E05000602,Waltham Forest,Larkswood,2020,12517,206.9,2.069,60.49782504,6049.782504,"Larkswood, Waltham Forest, England",51.61538165,-0.004527685441366792
E05000617,Wandsworth,Latchmere,2020,15755,108.5,1.085,145.2073733,14520.737330000002,"Latchmere, Wandsworth, England",51.4724028,-0.1641169
E05000463,Merton,Lavender Fields,2020,11536,118.0,1.18,97.76271186,9776.271186,"Lavender Fields, Merton, England",51.9496075,-0.2915004
E05000603,Waltham Forest,Lea Bridge,2020,17625,264.5,2.645,66.63516068,6663.516068,"Lea Bridge, Waltham Forest, England",51.562141499999996,-0.045734448334317473
E05000242,Hackney,Leabridge,2020,15747,106.4,1.064,147.9981203,14799.812030000001,"Leabridge, Hackney, England",0.0,0.0
E05000447,Lewisham,Lee Green,2020,16181,180.9,1.8090000000000002,89.44720840000001,8944.72084,"Lee Green, Lewisham, England",51.4561787,0.0125108
E05000077,Bexley,Lesnes Abbey,2020,12658,237.0,2.37,53.409282700000006,5340.92827,"Lesnes Abbey, Bexley, England",51.4889564,0.1289555375869967
E05000448,Lewisham,Lewisham Central,2020,25371,205.6,2.056,123.3998054,12339.98054,"Lewisham Central, Lewisham, England",51.4624325,-0.0101331
E05000604,Waltham Forest,Leyton,2020,16827,203.6,2.036,82.64734774,8264.734773999999,"Leyton, Waltham Forest, England",51.5696734,-0.015681
E05000605,Waltham Forest,Leytonstone,2020,13537,131.0,1.31,103.33587790000001,10333.587790000001,"Leytonstone, Waltham Forest, England",51.5688027,0.0086166
E05000580,Tower Hamlets,Limehouse,2020,19571,114.2,1.1420000000000001,171.3747811,17137.47811,"Limehouse, Tower Hamlets, England",51.5133074,-0.0351492
E05000487,Newham,Little Ilford,2020,17937,189.9,1.899,94.4549763,9445.49763,"Little Ilford, Newham, England",51.550298,0.0625225
E05000639,Westminster,Little Venice,2020,12849,63.6,0.636,202.0283019,20202.83019,"Little Venice, Westminster, England",51.5211948,-0.1824045
E05000543,Southwark,Livesey,2020,16332,143.6,1.436,113.7325905,11373.25905,"Livesey, Southwark, England",51.481941649999996,-0.062403100000005346
E05000035,Barking and Dagenham,Longbridge,2020,12258,164.0,1.64,74.74390244,7474.390244,"Longbridge, Barking and Dagenham, England",51.5410458,0.0836358
E05000078,Bexley,Longlands,2020,10981,259.2,2.592,42.36496914,4236.496914,"Longlands, Bexley, England",51.4304854,0.0841774
E05000464,Merton,Longthornton,2020,10844,148.1,1.4809999999999999,73.22079676,7322.079676,"Longthornton, Merton, England",51.4083358,-0.1389892
E05000243,Hackney,Lordship,2020,13952,119.1,1.1909999999999998,117.1452561,11714.525609999999,"Lordship, Hackney, England",51.5704946,-0.088717
E05000204,Enfield,Lower Edmonton,2020,17606,217.5,2.175,80.94712644,8094.712644,"Lower Edmonton, Enfield, England",51.6133019,-0.0358428
E05000465,Merton,Lower Morden,2020,8993,180.8,1.808,49.74004425,4974.004425,"Lower Morden, Merton, England",51.3897736,-0.2163635
E05000507,Redbridge,Loxford,2020,20225,128.7,1.287,157.1484071,15714.840709999999,"Loxford, Redbridge, England",51.5481943,0.084051
E05000640,Westminster,Maida Vale,2020,11890,64.6,0.6459999999999999,184.05572759999998,18405.57276,"Maida Vale, Westminster, England",51.5297928,-0.1857906
E05000334,Hillingdon,Manor,2020,12364,197.4,1.974,62.63424519,6263.424519,"Manor, Hillingdon, England",51.542519299999995,-0.44833493117949663
E05000488,Newham,Manor Park,2020,15982,135.0,1.35,118.3851852,11838.51852,"Manor Park, Newham, England",51.5506867,0.0476391
E05000095,Brent,Mapesbury,2020,16388,139.4,1.3940000000000001,117.5609756,11756.09756,"Mapesbury, Brent, England",51.552882749999995,-0.21347501011910763
E05000606,Waltham Forest,Markhouse,2020,16266,145.4,1.454,111.8707015,11187.07015,"Markhouse, Waltham Forest, England",51.5762179,-0.026116236173179798
E05000296,Harrow,Marlborough,2020,13805,164.6,1.646,83.86998785,8386.998785,"Marlborough, Harrow, England",51.5899659,-0.332507
E05000641,Westminster,Marylebone High Street,2020,12325,100.1,1.001,123.1268731,12312.68731,"Marylebone High Street, Westminster, England",51.5186021,-0.151614
E05000316,Havering,Mawneys,2020,13608,304.9,3.049,44.63102657,4463.102657,"Mawneys, Havering, England",0.0,0.0
E05000036,Barking and Dagenham,Mayesbrook,2020,11382,185.1,1.851,61.491085899999995,6149.10859,"Mayesbrook, Barking and Dagenham, England",51.5483331,0.1107966346709997
E05000508,Redbridge,Mayfield,2020,14851,188.4,1.8840000000000001,78.82696391,7882.6963909999995,"Mayfield, Redbridge, England",51.605382,0.0237479
E05000466,Merton,Merton Park,2020,9984,181.7,1.817,54.94771602,5494.771602000001,"Merton Park, Merton, England",51.4079938,-0.2019654
E05000224,Greenwich,Middle Park and Sutcliffe,2020,13524,328.4,3.284,41.18148599,4118.148599,"Middle Park and Sutcliffe, Greenwich, England",0.0,0.0
E05000377,Islington,Mildmay,2020,14669,82.6,0.826,177.590799,17759.0799,"Mildmay, Islington, England",51.5473979,-0.0852963
E05000581,Tower Hamlets,Mile End and Globe Town,2020,16115,90.0,0.9,179.0555556,17905.55556,"Mile End and Globe Town, Tower Hamlets, England",51.5253378,-0.033435
E05000582,Tower Hamlets,Mile End East,2020,18186,107.0,1.07,169.9626168,16996.26168,"Mile End East, Tower Hamlets, England",0.0,0.0
E05000057,Barnet,Mill Hill,2020,23138,938.7,9.387,24.64898264,2464.898264,"Mill Hill, Barnet, England",51.6154423,-0.2330675
E05000583,Tower Hamlets,Millwall,2020,34578,245.8,2.458,140.6753458,14067.534580000001,"Millwall, Tower Hamlets, England",51.4933423,-0.0212187
E05000509,Redbridge,Monkhams,2020,11469,307.5,3.075,37.29756098,3729.756098,"Monkhams, Redbridge, England",51.6139383,0.0278846
E05000525,Richmond upon Thames,Mortlake and Barnes Common,2020,11748,193.8,1.9380000000000002,60.61919505,6061.919505,"Mortlake and Barnes Common, Richmond upon Thames, England",0.0,0.0
E05000121,Bromley,Mottingham and Chislehurst North,2020,10564,244.9,2.449,43.13597387,4313.597387,"Mottingham and Chislehurst North, Bromley, England",0.0,0.0
E05000257,Hammersmith and Fulham,Munster,2020,11008,62.3,0.623,176.6934189,17669.34189,"Munster, Hammersmith and Fulham, England",51.4763564,-0.2091481
E05000274,Haringey,Muswell Hill,2020,12486,165.2,1.652,75.5811138,7558.111379999999,"Muswell Hill, Haringey, England",51.5910395,-0.1420768
E05000157,Croydon,New Addington,2020,11401,242.8,2.428,46.95634267,4695.634267,"New Addington, Croydon, England",51.3426434,-0.0174858
E05000449,Lewisham,New Cross,2020,19942,181.7,1.817,109.75233899999999,10975.2339,"New Cross, Lewisham, England",51.4763706,-0.0326237
E05000244,Hackney,New River,2020,17384,98.3,0.983,176.84638859999998,17684.63886,"New River, Hackney, England",51.53077195,-0.08403015728619559
E05000510,Redbridge,Newbury,2020,18411,211.7,2.117,86.96740671,8696.740671,"Newbury, Redbridge, England",51.5754985,0.0899693
E05000544,Southwark,Newington,2020,15516,83.2,0.8320000000000001,186.4903846,18649.03846,"Newington, Southwark, England",51.4921753,-0.1019873
E05000618,Wandsworth,Nightingale,2020,14968,123.1,1.2309999999999999,121.59220149999999,12159.22015,"Nightingale, Wandsworth, England",51.450034099999996,-0.15784585812095875
E05000275,Haringey,Noel Park,2020,16418,123.0,1.23,133.4796748,13347.96748,"Noel Park, Haringey, England",51.5970269,-0.1009153
E05000561,Sutton,Nonsuch,2020,11312,190.6,1.906,59.34942288,5934.942288,"Nonsuch, Sutton, England",51.3546203,-0.2236825
E05000409,Kingston upon Thames,Norbiton,2020,11626,134.8,1.348,86.2462908,8624.629079999999,"Norbiton, Kingston upon Thames, England",51.4099994,-0.2873963
E05000158,Croydon,Norbury,2020,18210,252.0,2.52,72.26190476,7226.190476000001,"Norbury, Croydon, England",51.4110663,-0.1224869
E05000392,Kensington and Chelsea,Norland,2020,8598,72.7,0.727,118.2668501,11826.68501,"Norland, Kensington and Chelsea, England",51.506092800000005,-0.21157386313755966
E05000079,Bexley,North End,2020,13794,568.9,5.689,24.24679205,2424.679205,"North End, Bexley, England",0.0,0.0
E05000258,Hammersmith and Fulham,North End,2020,11515,63.8,0.638,180.4858934,18048.589340000002,"North End, Hammersmith and Fulham, England",0.0,0.0
E05000183,Ealing,North Greenford,2020,15050,324.8,3.248,46.33620689999999,4633.62069,"North Greenford, Ealing, England",51.5551182,-0.3367211
E05000526,Richmond upon Thames,North Richmond,2020,12143,280.0,2.8,43.36785714,4336.785714,"North Richmond, Richmond upon Thames, England",51.4632072,-0.3004127
E05000619,Wandsworth,Northcote,2020,15988,167.9,1.679,95.22334723,9522.334723,"Northcote, Wandsworth, England",51.4607139,-0.1671587
E05000182,Ealing,Northfield,2020,13834,153.5,1.535,90.1237785,9012.37785,"Northfield, Ealing, England",51.5082193,-0.3187368096190971
E05000184,Ealing,Northolt Mandeville,2020,15606,275.2,2.752,56.70784884,5670.784884000001,"Northolt Mandeville, Ealing, England",51.5484582,-0.3695247
E05000185,Ealing,Northolt West End,2020,14775,354.8,3.548,41.64317926,4164.317926,"Northolt West End, Ealing, England",51.5465937,-0.369565
E05000080,Bexley,Northumberland Heath,2020,10873,176.3,1.7630000000000001,61.67328417,6167.328417000001,"Northumberland Heath, Bexley, England",51.4711864,0.1611451
E05000276,Haringey,Northumberland Park,2020,17492,188.3,1.883,92.89431758,9289.431758,"Northumberland Park, Haringey, England",51.6019134,-0.0538985
E05000096,Brent,Northwick Park,2020,12678,267.3,2.673,47.4298541,4742.98541,"Northwick Park, Brent, England",51.578491,-0.3176997
E05000335,Hillingdon,Northwood,2020,11452,740.6,7.406000000000001,15.463138,1546.3138,"Northwood, Hillingdon, England",51.6051713,-0.4205812
E05000336,Hillingdon,Northwood Hills,2020,12590,332.8,3.3280000000000003,37.83052885,3783.052885,"Northwood Hills, Hillingdon, England",51.6001534,-0.4084575
E05000186,Ealing,Norwood Green,2020,15681,379.4,3.7939999999999996,41.33104902,4133.104902,"Norwood Green, Ealing, England",51.4966058,-0.3693772
E05000393,Kensington and Chelsea,Notting Barns,2020,9339,62.3,0.623,149.90369180000002,14990.369180000002,"Notting Barns, Kensington and Chelsea, England",51.5109995,-0.2055267
E05000545,Southwark,Nunhead,2020,14927,132.2,1.3219999999999998,112.9122542,11291.22542,"Nunhead, Southwark, England",51.4668348,-0.0523755
E05000058,Barnet,Oakleigh,2020,16986,331.7,3.3169999999999997,51.20892373,5120.892373,"Oakleigh, Barnet, England",51.6377516,-0.1662835
E05000410,Kingston upon Thames,Old Malden,2020,10428,180.5,1.805,57.77285319,5777.285319,"Old Malden, Kingston upon Thames, England",51.382484,-0.2590897
E05000122,Bromley,Orpington,2020,15854,425.6,4.256,37.25093985,3725.093985,"Orpington, Bromley, England",51.3736037,0.0887195
E05000363,Hounslow,Osterley and Spring Grove,2020,14359,633.7,6.337000000000001,22.6589869,2265.89869,"Osterley and Spring Grove, Hounslow, England",51.4812336,-0.3521981
E05000426,Lambeth,Oval,2020,18415,127.5,1.275,144.4313725,14443.13725,"Oval, Lambeth, England",51.48375215,-0.11496182711601476
E05000259,Hammersmith and Fulham,Palace Riverside,2020,7388,148.1,1.4809999999999999,49.88521269,4988.521269,"Palace Riverside, Hammersmith and Fulham, England",51.490929,-0.2235307
E05000205,Enfield,Palmers Green,2020,16470,194.1,1.9409999999999998,84.85316847,8485.316847,"Palmers Green, Enfield, England",51.6183704,-0.110499
E05000037,Barking and Dagenham,Parsloes,2020,10475,124.3,1.2429999999999999,84.27192277,8427.192277,"Parsloes, Barking and Dagenham, England",51.544383249999996,0.13441881353302945
E05000260,Hammersmith and Fulham,Parsons Green and Walham,2020,11204,89.8,0.898,124.766147,12476.6147,"Parsons Green and Walham, Hammersmith and Fulham, England",51.4770051,-0.2022122
E05000546,Southwark,Peckham,2020,15820,87.2,0.872,181.42201830000002,18142.20183,"Peckham, Southwark, England",51.4734122,-0.0699321
E05000547,Southwark,Peckham Rye,2020,14774,225.3,2.253,65.57478917,6557.478917,"Peckham Rye, Southwark, England",51.469919,-0.0696968
E05000394,Kensington and Chelsea,Pembridge,2020,7545,48.8,0.488,154.61065569999997,15461.065569999999,"Pembridge, Kensington and Chelsea, England",51.51125795,-0.1951879683178241
E05000123,Bromley,Penge and Cator,2020,18388,295.7,2.957,62.1846466,6218.464660000001,"Penge and Cator, Bromley, England",0.0,0.0
E05000225,Greenwich,Peninsula,2020,23434,448.2,4.482,52.28469433,5228.469433,"Peninsula, Greenwich, England",51.502931200000006,0.0031968368061770624
E05000187,Ealing,Perivale,2020,15745,336.5,3.365,46.79049034,4679.049034000001,"Perivale, Ealing, England",51.5364952,-0.3225887
E05000450,Lewisham,Perry Vale,2020,16727,168.4,1.6840000000000002,99.32897862,9932.897862,"Perry Vale, Lewisham, England",51.435121,-0.0430306
E05000317,Havering,Pettits,2020,13712,395.3,3.9530000000000003,34.68757905,3468.7579049999995,"Pettits, Havering, England",51.5910757,0.181274
E05000124,Bromley,Petts Wood and Knoll,2020,14796,430.2,4.302,34.39330544,3439.330544,"Petts Wood and Knoll, Bromley, England",51.3909147,0.0771282
E05000337,Hillingdon,Pinkwell,2020,16299,274.4,2.7439999999999998,59.39868805,5939.868805,"Pinkwell, Hillingdon, England",51.499647100000004,-0.44012715717433804
E05000297,Harrow,Pinner,2020,10455,327.0,3.27,31.97247706,3197.2477059999997,"Pinner, Harrow, England",51.5968712,-0.3770142
E05000298,Harrow,Pinner South,2020,10957,235.3,2.353,46.56608585,4656.608585,"Pinner South, Harrow, England",51.5968712,-0.3770142
E05000125,Bromley,Plaistow and Sundridge,2020,16662,399.3,3.9930000000000003,41.72802404,4172.802404,"Plaistow and Sundridge, Bromley, England",51.41780745,0.01938324074081109
E05000489,Newham,Plaistow North,2020,16808,98.1,0.981,171.3353721,17133.53721,"Plaistow North, Newham, England",51.5311544,0.0166833
E05000490,Newham,Plaistow South,2020,18000,138.6,1.386,129.87012990000002,12987.012990000001,"Plaistow South, Newham, England",51.5311544,0.0166833
E05000226,Greenwich,Plumstead,2020,18129,235.1,2.351,77.11186729,7711.186729000001,"Plumstead, Greenwich, England",51.4804635,0.0924286
E05000467,Merton,Pollards Hill,2020,10783,215.9,2.1590000000000003,49.94441871,4994.441871,"Pollards Hill, Merton, England",51.3989991,-0.1282598
E05000206,Enfield,Ponders End,2020,17607,354.5,3.545,49.66713681,4966.713681,"Ponders End, Enfield, England",51.6428463,-0.0347837
E05000097,Brent,Preston,2020,16250,239.5,2.395,67.84968685,6784.968685,"Preston, Brent, England",51.5762155,-0.2915108
E05000427,Lambeth,Prince's,2020,16865,116.2,1.162,145.1376936,14513.76936,"Prince's, Lambeth, England",0.0,0.0
E05000159,Croydon,Purley,2020,16348,417.3,4.173,39.17565301,3917.5653009999996,"Purley, Croydon, England",51.3385156,-0.115893
E05000395,Kensington and Chelsea,Queen's Gate,2020,9735,60.5,0.605,160.9090909,16090.909090000001,"Queen's Gate, Kensington and Chelsea, England",51.4933656,-0.1785233
E05000642,Westminster,Queen's Park,2020,13914,58.3,0.583,238.6620926,23866.20926,"Queen's Park, Westminster, England",51.529149000000004,-0.20881331988409563
E05000098,Brent,Queens Park,2020,16163,148.9,1.489,108.54936200000002,10854.9362,"Queens Park, Brent, England",51.536046600000006,-0.21122479857057486
E05000245,Hackney,Queensbridge,2020,14974,108.0,1.08,138.6481481,13864.81481,"Queensbridge, Hackney, England",51.54551595,-0.07011244999999991
E05000099,Brent,Queensbury,2020,19653,205.0,2.05,95.86829268,9586.829268000001,"Queensbury, Brent, England",51.5941903,-0.286181
E05000299,Harrow,Queensbury,2020,12509,161.3,1.6130000000000002,77.55114693,7755.114693,"Queensbury, Harrow, England",51.5948401,-0.2928285
E05000620,Wandsworth,Queenstown,2020,24432,320.8,3.208,76.159601,7615.9601,"Queenstown, Wandsworth, England",51.4752161,-0.1462935
E05000318,Havering,Rainham and Wennington,2020,13182,1690.0,16.9,7.8,780.0,"Rainham and Wennington, Havering, England",51.5167284,0.1996559
E05000468,Merton,Ravensbury,2020,10410,183.8,1.838,56.63764962,5663.764961999999,"Ravensbury, Merton, England",51.3977067,-0.157896
E05000261,Hammersmith and Fulham,Ravenscourt Park,2020,10806,122.0,1.22,88.57377049,8857.377048999999,"Ravenscourt Park, Hammersmith and Fulham, England",51.4941293,-0.2357932
E05000300,Harrow,Rayners Lane,2020,11564,153.0,1.53,75.58169935,7558.169934999999,"Rayners Lane, Harrow, England",51.5767143,-0.3703002
E05000469,Merton,Raynes Park,2020,10299,185.3,1.8530000000000002,55.58014031,5558.014031000001,"Raynes Park, Merton, England",51.408966,-0.23054
E05000396,Kensington and Chelsea,Redcliffe,2020,9322,69.4,0.6940000000000001,134.3227666,13432.27666,"Redcliffe, Kensington and Chelsea, England",51.4872401,-0.1834031
E05000142,Camden,Regent's Park,2020,15491,135.0,1.35,114.7481481,11474.81481,"Regent's Park, Camden, England",51.53023185,-0.15393249943541745
E05000643,Westminster,Regent's Park,2020,13709,225.6,2.256,60.76684397,6076.684397,"Regent's Park, Westminster, England",51.5236277,-0.1466357
E05000038,Barking and Dagenham,River,2020,12789,355.2,3.552,36.00506757,3600.506757,"River, Barking and Dagenham, England",51.5541171,0.15050434261994267
E05000548,Southwark,Riverside,2020,17393,133.2,1.3319999999999999,130.5780781,13057.80781,"Riverside, Southwark, England",51.5029222,-0.103458
E05000511,Redbridge,Roding,2020,13098,234.4,2.344,55.87883959,5587.883959000001,"Roding, Redbridge, England",51.6170812,0.0437553
E05000621,Wandsworth,Roehampton and Putney Heath,2020,16112,442.4,4.4239999999999995,36.41952984,3641.9529840000005,"Roehampton and Putney Heath, Wandsworth, England",0.0,0.0
E05000319,Havering,Romford Town,2020,18554,286.6,2.866,64.73831124,6473.831124,"Romford Town, Havering, England",51.5760462,0.1822646
E05000549,Southwark,Rotherhithe,2020,16625,149.2,1.492,111.4276139,11142.761390000001,"Rotherhithe, Southwark, England",51.5007782,-0.0519063
E05000301,Harrow,Roxbourne,2020,13255,150.6,1.506,88.01460823,8801.460823000001,"Roxbourne, Harrow, England",51.5654065,-0.3733966
E05000302,Harrow,Roxeth,2020,11738,157.6,1.5759999999999998,74.47969543,7447.969543000001,"Roxeth, Harrow, England",51.560482199999996,-0.3500747050918491
E05000491,Newham,Royal Docks,2020,18150,479.3,4.793,37.86772376,3786.772376,"Royal Docks, Newham, England",51.5036827,0.0496178
E05000397,Kensington and Chelsea,Royal Hospital,2020,7214,90.1,0.9009999999999999,80.06659267,8006.659267,"Royal Hospital, Kensington and Chelsea, England",51.48709375,-0.1586739012452613
E05000451,Lewisham,Rushey Green,2020,17930,178.1,1.781,100.6737788,10067.37788,"Rushey Green, Lewisham, England",51.4474811,-0.0182346
E05000160,Croydon,Sanderstead,2020,13064,634.6,6.346,20.58619603,2058.619603,"Sanderstead, Croydon, England",51.3340837,-0.0767435
E05000262,Hammersmith and Fulham,Sands End,2020,14688,137.7,1.3769999999999998,106.66666670000001,10666.66667,"Sands End, Hammersmith and Fulham, England",51.4725454,-0.1871122
E05000161,Croydon,Selhurst,2020,19471,227.7,2.2769999999999997,85.51163812,8551.163812,"Selhurst, Croydon, England",51.3922136,-0.0886537
E05000162,Croydon,Selsdon and Ballards,2020,12042,640.6,6.406000000000001,18.79800187,1879.800187,"Selsdon and Ballards, Croydon, England",51.3420195,-0.05573585977814851
E05000512,Redbridge,Seven Kings,2020,17498,208.2,2.082,84.04418828,8404.418828,"Seven Kings, Redbridge, England",51.5639058,0.0968813
E05000278,Haringey,Seven Sisters,2020,18259,129.2,1.2919999999999998,141.3235294,14132.35294,"Seven Sisters, Haringey, England",51.5824738,-0.0749325
E05000586,Tower Hamlets,Shadwell,2020,16063,96.3,0.963,166.8016615,16680.16615,"Shadwell, Tower Hamlets, England",51.51125,-0.0569241
E05000623,Wandsworth,Shaftesbury,2020,14397,94.8,0.948,151.8670886,15186.708859999999,"Shaftesbury, Wandsworth, England",51.4343487,-0.17257833965659836
E05000263,Hammersmith and Fulham,Shepherd's Bush Green,2020,13042,106.7,1.067,122.230553,12223.0553,"Shepherd's Bush Green, Hammersmith and Fulham, England",51.50423455,-0.22179901163685573
E05000163,Croydon,Shirley,2020,14465,280.0,2.8,51.66071429,5166.071429,"Shirley, Croydon, England",51.3749243,-0.0466335
E05000227,Greenwich,Shooters Hill,2020,13587,378.0,3.78,35.94444444,3594.4444439999997,"Shooters Hill, Greenwich, England",51.4692255,0.066306
E05000126,Bromley,Shortlands,2020,10487,245.6,2.456,42.6995114,4269.95114,"Shortlands, Bromley, England",51.4060917,-0.001434
E05000083,Bexley,Sidcup,2020,12243,270.2,2.702,45.31088083,4531.088083,"Sidcup, Bexley, England",51.4264002,0.101044
E05000513,Redbridge,Snaresbrook,2020,13115,198.6,1.986,66.03726083,6603.726083,"Snaresbrook, Redbridge, England",51.5831734,0.0228777
E05000188,Ealing,South Acton,2020,18409,171.9,1.719,107.0913322,10709.13322,"South Acton, Ealing, England",51.4997225,-0.2698979
E05000550,Southwark,South Bermondsey,2020,15175,97.3,0.973,155.9609455,15596.09455,"South Bermondsey, Southwark, England",51.4879512,-0.0544564
E05000551,Southwark,South Camberwell,2020,13377,133.1,1.331,100.5033809,10050.338090000001,"South Camberwell, Southwark, England",51.4745706,-0.0925416
E05000321,Havering,South Hornchurch,2020,16526,684.7,6.847,24.13611801,2413.611801,"South Hornchurch, Havering, England",51.5330916,0.1912727
E05000164,Croydon,South Norwood,2020,17753,238.1,2.381,74.56110878,7456.110878,"South Norwood, Croydon, England",51.3980951,-0.0768216
E05000528,Richmond upon Thames,South Richmond,2020,11488,269.2,2.6919999999999997,42.67459138,4267.459138,"South Richmond, Richmond upon Thames, England",51.4632072,-0.3004127
E05000338,Hillingdon,South Ruislip,2020,13732,741.1,7.4110000000000005,18.52921333,1852.9213329999998,"South Ruislip, Hillingdon, England",51.5569909,-0.3990635
E05000529,Richmond upon Thames,South Twickenham,2020,10591,172.7,1.7269999999999999,61.32599884,6132.599884,"South Twickenham, Richmond upon Thames, England",51.4467444,-0.3281887
E05000189,Ealing,Southall Broadway,2020,14839,162.2,1.6219999999999999,91.48581998,9148.581998,"Southall Broadway, Ealing, England",51.5105118,-0.3760928
E05000190,Ealing,Southall Green,2020,17057,158.5,1.585,107.61514199999999,10761.5142,"Southall Green, Ealing, England",51.5060205,-0.3775015
E05000207,Enfield,Southbury,2020,16219,286.4,2.864,56.63058659,5663.058659,"Southbury, Enfield, England",51.6480314,-0.0526302
E05000191,Ealing,Southfield,2020,13842,143.5,1.435,96.45993031,9645.993031,"Southfield, Ealing, England",51.5026357,-0.2589303
E05000624,Wandsworth,Southfields,2020,17962,152.2,1.5219999999999998,118.0157687,11801.57687,"Southfields, Wandsworth, England",51.4457751,-0.2066142
E05000208,Enfield,Southgate,2020,16246,269.1,2.6910000000000003,60.37160907,6037.160907,"Southgate, Enfield, England",51.6281547,-0.123596
E05000209,Enfield,Southgate Green,2020,15862,261.7,2.617,60.61138708,6061.1387079999995,"Southgate Green, Enfield, England",51.6281547,-0.123596
E05000587,Tower Hamlets,Spitalfields and Banglatown,2020,11937,63.8,0.638,187.1003135,18710.03135,"Spitalfields and Banglatown, Tower Hamlets, England",0.0,0.0
E05000246,Hackney,Springfield,2020,13699,95.2,0.9520000000000001,143.89705880000002,14389.705880000001,"Springfield, Hackney, England",51.5683986,-0.0565668
E05000322,Havering,Squirrel's Heath,2020,14366,264.6,2.6460000000000004,54.29327286,5429.327286,"Squirrel's Heath, Havering, England",51.5882898,0.2289596
E05000320,Havering,St Andrew's,2020,13986,268.7,2.687,52.05061407,5205.061407,"St Andrew's, Havering, England",51.55792615,0.24981280474568598
E05000277,Haringey,St Ann's,2020,16173,109.7,1.097,147.4293528,14742.935280000002,"St Ann's, Haringey, England",51.58126395,-0.08444370000000001
E05000398,Kensington and Chelsea,St Charles,2020,9019,70.9,0.7090000000000001,127.20733429999999,12720.73343,"St Charles, Kensington and Chelsea, England",51.4989948,-0.1991229
E05000584,Tower Hamlets,St Dunstan's and Stepney Green,2020,19169,101.8,1.018,188.3005894,18830.05894,"St Dunstan's and Stepney Green, Tower Hamlets, England",0.0,0.0
E05000378,Islington,St George's,2020,13967,84.6,0.846,165.0945626,16509.45626,"St George's, Islington, England",51.5566799,-0.1302812
E05000470,Merton,St Helier,2020,11273,184.2,1.8419999999999999,61.19978284,6119.978284000001,"St Helier, Merton, England",51.3894612,-0.1989208
E05000562,Sutton,St Helier,2020,12382,150.0,1.5,82.54666667,8254.666667,"St Helier, Sutton, England",51.3866947,-0.1800574
E05000411,Kingston upon Thames,St James,2020,9786,216.7,2.167,45.15920628,4515.920628,"St James, Kingston upon Thames, England",51.3932066,-0.3046482
E05000644,Westminster,St James's,2020,15316,346.8,3.468,44.16378316,4416.378315999999,"St James's, Westminster, England",51.5079082,-0.1365727
E05000585,Tower Hamlets,St Katharine's and Wapping,2020,15693,150.6,1.506,104.2031873,10420.318729999999,"St Katharine's and Wapping, Tower Hamlets, England",0.0,0.0
E05000428,Lambeth,St Leonard's,2020,16463,144.9,1.449,113.61628710000001,11361.628709999999,"St Leonard's, Lambeth, England",51.42912525,-0.1325481505317565
E05000527,Richmond upon Thames,St Margarets and North Twickenha,2020,12896,200.6,2.006,64.28713858,6428.713858,"St Margarets and North Twickenha, Richmond upon Thames, England",0.0,0.0
E05000412,Kingston upon Thames,St Mark's,2020,12508,137.6,1.376,90.90116279,9090.116279,"St Mark's, Kingston upon Thames, England",51.4096275,-0.3062621
E05000081,Bexley,St Mary's,2020,11752,442.9,4.428999999999999,26.53420637,2653.420637,"St Mary's, Bexley, England",51.4416793,0.150488
E05000379,Islington,St Mary's,2020,13647,86.9,0.8690000000000001,157.04257769999998,15704.257769999998,"St Mary's, Islington, England",51.5384287,-0.0999051
E05000622,Wandsworth,St Mary's Park,2020,19737,139.6,1.396,141.3825215,14138.25215,"St Mary's Park, Wandsworth, England",0.0,0.0
E05000082,Bexley,St Michael's,2020,11600,144.4,1.444,80.33240997,8033.240997,"St Michael's, Bexley, England",51.471966,0.112714
E05000143,Camden,St Pancras and Somers Town,2020,19246,140.0,1.4,137.4714286,13747.14286,"St Pancras and Somers Town, Camden, England",0.0,0.0
E05000380,Islington,St Peter's,2020,15634,81.0,0.81,193.0123457,19301.23457,"St Peter's, Islington, England",51.5332103,-0.0971989
E05000399,Kensington and Chelsea,Stanley,2020,7981,66.3,0.6629999999999999,120.3770739,12037.707390000001,"Stanley, Kensington and Chelsea, England",51.5121457,-0.2042205
E05000303,Harrow,Stanmore Park,2020,12354,445.6,4.456,27.72441652,2772.441652,"Stanmore Park, Harrow, England",51.6188526,-0.3026271
E05000429,Lambeth,Stockwell,2020,16075,86.9,0.8690000000000001,184.9827388,18498.27388,"Stockwell, Lambeth, England",51.472211,-0.1225014
E05000247,Hackney,Stoke Newington Central,2020,13408,71.2,0.7120000000000001,188.31460669999998,18831.46067,"Stoke Newington Central, Hackney, England",51.5576971,-0.0772816
E05000100,Brent,Stonebridge,2020,19932,405.5,4.055,49.1541307,4915.4130700000005,"Stonebridge, Brent, England",51.5441099,-0.2762285
E05000563,Sutton,Stonecot,2020,11173,198.1,1.9809999999999999,56.40080767,5640.080767,"Stonecot, Sutton, England",51.383526,-0.2142263
E05000492,Newham,Stratford and New Town,2020,35395,423.7,4.237,83.53788058,8353.788058,"Stratford and New Town, Newham, England",51.5506778,0.0029768
E05000430,Lambeth,Streatham Hill,2020,16293,127.3,1.273,127.9890024,12798.90024,"Streatham Hill, Lambeth, England",51.4407385,-0.1223171
E05000431,Lambeth,Streatham South,2020,14802,169.8,1.6980000000000002,87.17314488,8717.314488,"Streatham South, Lambeth, England",51.429769,-0.1311105
E05000432,Lambeth,Streatham Wells,2020,17215,145.1,1.4509999999999998,118.64231559999999,11864.23156,"Streatham Wells, Lambeth, England",51.440114050000005,-0.11621515398864968
E05000279,Haringey,Stroud Green,2020,12819,109.5,1.095,117.0684932,11706.849320000001,"Stroud Green, Haringey, England",51.5716864,-0.1114972
E05000101,Brent,Sudbury,2020,16433,213.0,2.13,77.15023474,7715.023474,"Sudbury, Brent, England",51.550751,-0.3156202
E05000413,Kingston upon Thames,Surbiton Hill,2020,11670,166.4,1.6640000000000001,70.13221154,7013.221154000001,"Surbiton Hill, Kingston upon Thames, England",51.3924111,-0.3039992
E05000552,Southwark,Surrey Docks,2020,16839,190.1,1.901,88.5796949,8857.969490000001,"Surrey Docks, Southwark, England",51.49307865,-0.04639640518134707
E05000564,Sutton,Sutton Central,2020,13831,131.0,1.31,105.5801527,10558.01527,"Sutton Central, Sutton, England",51.360398,-0.1906996
E05000565,Sutton,Sutton North,2020,11814,187.5,1.875,63.008,6300.8,"Sutton North, Sutton, England",52.07092065,1.364635917472472
E05000566,Sutton,Sutton South,2020,10632,127.2,1.272,83.58490566,8358.490566,"Sutton South, Sutton, England",52.07092065,1.364635917472472
E05000567,Sutton,Sutton West,2020,11536,177.9,1.7790000000000001,64.84541877,6484.541877000001,"Sutton West, Sutton, England",50.93186075,-0.6070326732975384
E05000144,Camden,Swiss Cottage,2020,15213,125.7,1.2570000000000001,121.026253,12102.6253,"Swiss Cottage, Camden, England",51.543722,-0.174982
E05000452,Lewisham,Sydenham,2020,16882,174.5,1.745,96.74498567,9674.498567,"Sydenham, Lewisham, England",51.4269433,-0.0545387
E05000364,Hounslow,Syon,2020,16632,285.2,2.852,58.31697055,5831.697055,"Syon, Hounslow, England",51.476794600000005,-0.31219337000097136
E05000645,Westminster,Tachbrook,2020,9315,44.4,0.444,209.79729730000003,20979.729730000003,"Tachbrook, Westminster, England",51.4933046,-0.1400497
E05000530,Richmond upon Thames,Teddington,2020,11186,429.6,4.296,26.03817505,2603.817505,"Teddington, Richmond upon Thames, England",51.4244662,-0.3325731
E05000453,Lewisham,Telegraph Hill,2020,17992,154.4,1.544,116.52849740000002,11652.849740000001,"Telegraph Hill, Lewisham, England",51.4686583,-0.0467923
E05000039,Barking and Dagenham,Thames,2020,18078,788.4,7.8839999999999995,22.92998478,2292.998478,"Thames, Barking and Dagenham, England",51.5286041,0.1043626
E05000625,Wandsworth,Thamesfield,2020,17485,192.1,1.921,91.02030193,9102.030193,"Thamesfield, Wandsworth, England",0.0,0.0
E05000084,Bexley,Thamesmead East,2020,13964,483.7,4.837,28.86913376,2886.913376,"Thamesmead East, Bexley, England",51.47253155,0.1623513929190205
E05000228,Greenwich,Thamesmead Moorings,2020,21072,481.1,4.811,43.79962586,4379.962586,"Thamesmead Moorings, Greenwich, England",51.4989335,0.1148486
E05000553,Southwark,The Lane,2020,17189,139.0,1.39,123.6618705,12366.18705,"The Lane, Southwark, England",51.5029222,-0.103458
E05000568,Sutton,The Wrythe,2020,11647,148.2,1.482,78.58974359,7858.974359000001,"The Wrythe, Sutton, England",51.3670587,-0.1629561
E05000433,Lambeth,Thornton,2020,14893,108.3,1.083,137.51615880000003,13751.615880000001,"Thornton, Lambeth, England",51.4700682,-0.1132741
E05000165,Croydon,Thornton Heath,2020,17566,168.1,1.681,104.497323,10449.7323,"Thornton Heath, Croydon, England",51.3988709,-0.099602
E05000434,Lambeth,Thurlow Park,2020,14604,151.5,1.515,96.3960396,9639.603959999999,"Thurlow Park, Lambeth, England",51.4397011,-0.1064738
E05000102,Brent,Tokyngton,2020,20425,276.4,2.764,73.89652677,7389.652676999999,"Tokyngton, Brent, England",51.5502812,-0.2745029352662106
E05000381,Islington,Tollington,2020,14665,84.7,0.847,173.1404959,17314.049590000002,"Tollington, Islington, England",51.5575468,-0.1128611
E05000414,Kingston upon Thames,Tolworth and Hook Rise,2020,11368,259.5,2.595,43.80732177,4380.732177000001,"Tolworth and Hook Rise, Kingston upon Thames, England",51.3788758,-0.2828604
E05000626,Wandsworth,Tooting,2020,17088,160.4,1.604,106.53366580000001,10653.36658,"Tooting, Wandsworth, England",51.4266588,-0.1690768
E05000280,Haringey,Tottenham Green,2020,17680,136.1,1.361,129.904482,12990.4482,"Tottenham Green, Haringey, England",51.58775405,-0.07147608181567411
E05000281,Haringey,Tottenham Hale,2020,19673,191.1,1.911,102.9461015,10294.61015,"Tottenham Hale, Haringey, England",51.5881223,-0.0599366
E05000059,Barnet,Totteridge,2020,17383,876.8,8.767999999999999,19.82550182,1982.550182,"Totteridge, Barnet, England",51.6331335,-0.2008636
E05000210,Enfield,Town,2020,15988,223.3,2.233,71.59874608,7159.874608,"Town, Enfield, England",51.6521726,-0.081518
E05000264,Hammersmith and Fulham,Town,2020,11058,65.0,0.65,170.1230769,17012.30769,"Town, Hammersmith and Fulham, England",51.4920377,-0.2236401
E05000339,Hillingdon,Townfield,2020,16952,349.8,3.498,48.46197827,4846.197827,"Townfield, Hillingdon, England",51.5132871,-0.4181264
E05000471,Merton,Trinity,2020,10296,107.4,1.074,95.86592179,9586.592179000001,"Trinity, Merton, England",50.841602550000005,-3.429797397772014
E05000415,Kingston upon Thames,Tudor,2020,10382,158.3,1.5830000000000002,65.58433354,6558.433354,"Tudor, Kingston upon Thames, England",51.429961,-0.3052083
E05000435,Lambeth,Tulse Hill,2020,16429,102.9,1.0290000000000001,159.6598639,15965.98639,"Tulse Hill, Lambeth, England",51.439867,-0.1050481
E05000211,Enfield,Turkey Street,2020,15518,225.7,2.2569999999999997,68.75498449,6875.498449,"Turkey Street, Enfield, England",51.6727331,-0.047176
E05000365,Hounslow,Turnham Green,2020,12265,176.6,1.766,69.45073613,6945.073613,"Turnham Green, Hounslow, England",51.4951314,-0.2546948
E05000531,Richmond upon Thames,Twickenham Riverside,2020,11203,196.2,1.962,57.09989806,5709.9898060000005,"Twickenham Riverside, Richmond upon Thames, England",51.4467444,-0.3281887
E05000060,Barnet,Underhill,2020,16637,455.2,4.552,36.54876977,3654.8769770000004,"Underhill, Barnet, England",51.6477684,-0.190891
E05000323,Havering,Upminster,2020,13459,2253.4,22.534000000000002,5.972752285,597.2752285,"Upminster, Havering, England",51.5589502,0.2520875
E05000212,Enfield,Upper Edmonton,2020,21212,265.1,2.6510000000000002,80.01508865,8001.508865000001,"Upper Edmonton, Enfield, England",51.6203392,-0.0659791
E05000166,Croydon,Upper Norwood,2020,17070,262.0,2.62,65.15267176,6515.267175999999,"Upper Norwood, Croydon, England",51.4164053,-0.0940347
E05000340,Hillingdon,Uxbridge North,2020,16260,463.3,4.633,35.09605008,3509.605008,"Uxbridge North, Hillingdon, England",51.546655,-0.4775114
E05000341,Hillingdon,Uxbridge South,2020,15930,311.7,3.117,51.10683349,5110.683349,"Uxbridge South, Hillingdon, England",51.546655,-0.4775114
E05000040,Barking and Dagenham,Valence,2020,11776,129.3,1.2930000000000001,91.07501933,9107.501933,"Valence, Barking and Dagenham, England",51.558249399999994,0.13445002037038217
E05000514,Redbridge,Valentines,2020,16346,150.2,1.5019999999999998,108.82822900000001,10882.8229,"Valentines, Redbridge, England",51.56885695,0.07113179188081206
E05000607,Waltham Forest,Valley,2020,12210,198.1,1.9809999999999999,61.63553761,6163.553761,"Valley, Waltham Forest, England",42.5664846,-71.1576164
E05000436,Lambeth,Vassall,2020,17135,112.9,1.129,151.7714792,15177.14792,"Vassall, Lambeth, England",51.4779421,-0.1053524
E05000248,Hackney,Victoria,2020,14352,80.4,0.804,178.5074627,17850.74627,"Victoria, Hackney, England",51.545713649999996,-0.07010039896937992
E05000041,Barking and Dagenham,Village,2020,11212,214.0,2.14,52.39252336,5239.252336,"Village, Barking and Dagenham, England",51.5541171,0.15050434261994267
E05000472,Merton,Village,2020,8594,621.8,6.218,13.82116436,1382.116436,"Village, Merton, England",51.410802849999996,-0.18809850595572736
E05000554,Southwark,Village,2020,13029,278.8,2.7880000000000003,46.73242468,4673.242468,"Village, Southwark, England",51.5029222,-0.103458
E05000646,Westminster,Vincent Square,2020,12419,68.6,0.6859999999999999,181.0349854,18103.49854,"Vincent Square, Westminster, England",51.4940178,-0.1362304
E05000167,Croydon,Waddon,2020,18617,364.4,3.6439999999999997,51.08946213,5108.946213,"Waddon, Croydon, England",51.3673011,-0.1173627
E05000493,Newham,Wall End,2020,16056,137.9,1.379,116.4321972,11643.219720000001,"Wall End, Newham, England",51.5342327,0.0624751
E05000569,Sutton,Wallington North,2020,12048,161.7,1.617,74.50834879,7450.834879000001,"Wallington North, Sutton, England",51.357945,-0.1495621
E05000570,Sutton,Wallington South,2020,11208,171.9,1.719,65.20069808,6520.069808,"Wallington South, Sutton, England",51.357945,-0.1495621
E05000192,Ealing,Walpole,2020,13550,146.6,1.466,92.42837653,9242.837653,"Walpole, Ealing, England",51.5060204,-0.3049015
E05000571,Sutton,Wandle Valley,2020,14256,205.5,2.055,69.37226277,6937.226277,"Wandle Valley, Sutton, England",51.3705857,-0.1524706
E05000627,Wandsworth,Wandsworth Common,2020,15199,276.0,2.76,55.06884058,5506.884058,"Wandsworth Common, Wandsworth, England",51.44848475,-0.16765005277853692
E05000515,Redbridge,Wanstead,2020,12711,519.8,5.1979999999999995,24.45363601,2445.363601,"Wanstead, Redbridge, England",51.575646,0.0286373
E05000647,Westminster,Warwick,2020,10578,57.4,0.574,184.28571430000002,18428.57143,"Warwick, Westminster, England",51.49240735,-0.13970480261141285
E05000304,Harrow,Wealdstone,2020,12905,119.3,1.193,108.1726739,10817.26739,"Wealdstone, Harrow, England",51.5936353,-0.3294758
E05000588,Tower Hamlets,Weavers,2020,15439,77.9,0.779,198.1899872,19818.99872,"Weavers, Tower Hamlets, England",51.1288633,1.2986686
E05000103,Brent,Welsh Harp,2020,14248,231.2,2.312,61.62629758,6162.629758,"Welsh Harp, Brent, England",51.57229615,-0.2421725773521155
E05000104,Brent,Wembley Central,2020,17787,160.3,1.6030000000000002,110.9606987,11096.069870000001,"Wembley Central, Brent, England",51.5523278,-0.2966751
E05000473,Merton,West Barnes,2020,10956,195.1,1.9509999999999998,56.15581753,5615.581753,"West Barnes, Merton, England",51.3977576,-0.2383655
E05000342,Hillingdon,West Drayton,2020,19070,349.0,3.49,54.64183381,5464.183381,"West Drayton, Hillingdon, England",51.503513,-0.4662704
E05000649,Westminster,West End,2020,13620,199.6,1.996,68.23647295,6823.647295000001,"West End, Westminster, England",50.9503558,-2.6703753
E05000061,Barnet,West Finchley,2020,17818,216.1,2.161,82.45256826,8245.256826,"West Finchley, Barnet, England",51.6088451,-0.1946371
E05000282,Haringey,West Green,2020,14714,139.8,1.3980000000000001,105.25035770000001,10525.03577,"West Green, Haringey, England",51.5868063,-0.0898489
E05000494,Newham,West Ham,2020,16581,133.5,1.335,124.2022472,12420.22472,"West Ham, Newham, England",51.5280966,0.0045685
E05000145,Camden,West Hampstead,2020,14346,88.7,0.887,161.7361894,16173.61894,"West Hampstead, Camden, England",51.5468194,-0.1899646
E05000305,Harrow,West Harrow,2020,10710,152.1,1.521,70.41420118,7041.420118000001,"West Harrow, Harrow, England",51.5795852,-0.3530692
E05000062,Barnet,West Hendon,2020,20954,342.6,3.426,61.16170461,6116.170461,"West Hendon, Barnet, England",51.578213,-0.2403793
E05000628,Wandsworth,West Hill,2020,16841,168.8,1.6880000000000002,99.76895735,9976.895735,"West Hill, Wandsworth, England",51.4568485,-0.2002784
E05000629,Wandsworth,West Putney,2020,15454,184.6,1.8459999999999999,83.71614301,8371.614301000001,"West Putney, Wandsworth, England",51.4609339,-0.2153478
E05000343,Hillingdon,West Ruislip,2020,12490,439.0,4.39,28.45102506,2845.1025059999997,"West Ruislip, Hillingdon, England",51.5695047,-0.4370447
E05000168,Croydon,West Thornton,2020,19399,197.4,1.974,98.27254306,9827.254306,"West Thornton, Croydon, England",51.3988709,-0.099602
E05000532,Richmond upon Thames,West Twickenham,2020,11234,245.6,2.456,45.74104235,4574.104235,"West Twickenham, Richmond upon Thames, England",51.4467444,-0.3281887
E05000127,Bromley,West Wickham,2020,15380,441.3,4.413,34.85157489,3485.157489,"West Wickham, Bromley, England",51.3758036,-0.0146843
E05000648,Westminster,Westbourne,2020,14060,67.4,0.674,208.60534119999997,20860.53412,"Westbourne, Westminster, England",51.519423700000004,-0.1948299699387988
E05000042,Barking and Dagenham,Whalebone,2020,12789,155.4,1.554,82.2972973,8229.72973,"Whalebone, Barking and Dagenham, England",51.5690082,0.144249
E05000283,Haringey,White Hart Lane,2020,13604,169.7,1.6969999999999998,80.16499705,8016.499704999999,"White Hart Lane, Haringey, England",51.6045762,-0.0707857
E05000589,Tower Hamlets,Whitechapel,2020,20393,91.8,0.9179999999999999,222.14596949999998,22214.59695,"Whitechapel, Tower Hamlets, England",51.5186227,-0.0620807
E05000454,Lewisham,Whitefoot,2020,15658,222.4,2.224,70.40467626,7040.467626000001,"Whitefoot, Lewisham, England",51.4326029,0.007191
E05000533,Richmond upon Thames,Whitton,2020,10499,162.3,1.6230000000000002,64.68884781,6468.884781000001,"Whitton, Richmond upon Thames, England",51.4511693,-0.3579759
E05000249,Hackney,Wick,2020,13193,163.2,1.632,80.83946078,8083.946078,"Wick, Hackney, England",51.543433,-0.0240839
E05000105,Brent,Willesden Green,2020,16714,154.7,1.547,108.04137040000002,10804.137040000001,"Willesden Green, Brent, England",51.5493524,-0.222223
E05000608,Waltham Forest,William Morris,2020,16639,99.9,0.9990000000000001,166.5565566,16655.65566,"William Morris, Waltham Forest, England",51.5912043,-0.0077676
E05000474,Merton,Wimbledon Park,2020,12359,230.0,2.3,53.73478261,5373.478261,"Wimbledon Park, Merton, England",51.4369518,-0.1993261
E05000213,Enfield,Winchmore Hill,2020,14453,275.7,2.7569999999999997,52.42292347,5242.292347,"Winchmore Hill, Enfield, England",51.6333948,-0.1033617
E05000609,Waltham Forest,Wood Street,2020,15087,184.5,1.845,81.77235772,8177.235772,"Wood Street, Waltham Forest, England",51.587041,-0.0016791
E05000063,Barnet,Woodhouse,2020,18883,261.2,2.612,72.29326187,7229.326187000001,"Woodhouse, Barnet, England",51.6114458,-0.1688209917227466
E05000169,Croydon,Woodside,2020,17149,216.7,2.167,79.13705584,7913.705584,"Woodside, Croydon, England",51.3870773,-0.0653308
E05000284,Haringey,Woodside,2020,16286,149.2,1.492,109.155496,10915.5496,"Woodside, Haringey, England",51.603495,-0.10091296536363757
E05000229,Greenwich,Woolwich Common,2020,21857,262.0,2.62,83.42366412,8342.366412000001,"Woolwich Common, Greenwich, England",51.47671115,0.05395906713699389
E05000230,Greenwich,Woolwich Riverside,2020,23546,319.5,3.195,73.69640063,7369.640063,"Woolwich Riverside, Greenwich, England",51.4826696,0.0623335
E05000572,Sutton,Worcester Park,2020,13199,195.7,1.9569999999999999,67.44506898,6744.506898000001,"Worcester Park, Sutton, England",51.3783998,-0.2416023
E05000265,Hammersmith and Fulham,Wormholt and White City,2020,13482,90.4,0.904,149.1371681,14913.71681,"Wormholt and White City, Hammersmith and Fulham, England",51.5078121,-0.2406007
E05000344,Hillingdon,Yeading,2020,14959,233.2,2.332,64.14665523,6414.665523,"Yeading, Hillingdon, England",51.527239,-0.3992705
E05000345,Hillingdon,Yiewsley,2020,15332,401.3,4.013,38.20583105,3820.5831049999997,"Yiewsley, Hillingdon, England",51.5128661,-0.4741522
